player_id,player_name
26400,Fly
30530,Brax
30704,Sneyking
30840,Cr1t-
30846,Ace
34425,fy
40040,Bignum
75088,No[o]ne
77203,SoLotic
87987,Ghost
96170,DJ
97052,Newsham
98901,iAnnihilate
99795,Faith_bian
101533,Toy
111074,Raven
112766,Jabz
113669,天命
115642,Kuku
116389,Nisha
116901,XinQ
122522,Yang
122537,Mnz
122541,Accel
122800,Teehee
129736,Saksa
130055,Ame
130312,Freeze
130789,Scofield
130980,FrancisLee
130986,Boris
132763,miCKe
132769,Seleri
133821,Xxs
133823,BoBoKa
133830,y`
139288,Shanks
144043,33
144520,GH
146022,MidOne
147499,Skiter
149684,Prada
154068,xNova
154099,Moon
156139,Varizh
156709,Night
157149,Abed
157151,Tims
157963,Puer tea
157974,flyfly
161665,Gabbi
161670,Skem
162178,Costabile
169155,YUI
170074,Palantimos
182896,Timado
186022,Immersion
189005,inYourdreaM
189011,Skilllay
189559,Thiolicor
191485,Erice
196409,Armel
202668,Mjz
204695,Ken
204960,Kidaro
204990,Gunnar
205209,Akashi
206012,Frank
208987,sayuw
212777,Carlo
216880,Nefrit
219991,Oscar
220622,NARMAN
220629,cije
220883,Yisus
222781,ArrOw
226361,LuN
226368,zeal
227083,yamich
227616,Mac
229218,Jhocam
229596,Robo-Z
230215,Dreamocel
10000062,SabeRLight-
10000233,Wisper
10000240,JT-
10000262,Marlin
10000313,Xm
10000350,xsvampire
10000369,CatYou
10000474,young G
10000491,NothingToSay
10000550,gpK~
10000564,DM
10000580,BEYOND
10000696,Fbz
10000847,Stojkov
10000917,K1
10000919,MoOz
10001098,Panto
10001372,Emo
10001424,Whitemon
10001542,Jaunuel
10001646,Tino-
10001660,Nightfall
10001949,V-Tune
10001976,poyoyo
10002017,Larl
10002270,Yadomi
10002272,Michael
10002296,ButterflyEffect
10002400,YamSun
10002543,empyrean5
10002555,kxy
10002582,Q
10002596,Kami
10002604,Speeed
10002639,Echo
10002641,pLAnet
10002769,JaCkky
10002876,Crystallis
10002877,BOOM
10002953,Mikoto
10002954,mini-`
10003302,LOyd
10003328,Pamplona
10003348,mellojul
10003391,Azreal
10003408,Save-
10003576,Delight
10003582,tOfu
10003594,DarkMago
10003671,KJ
10003709,db-
10003950,Hellscream
10003980,Argius
10003987,Palos
10004431,Fayde
10004620,cml
10004645,Lissex
10004853,Xu
10004856,23savage
10004880,nesfeer
10004922,Noticed
10004948,PiPi
10004998,Natsumi
10005142,Yowe
10005143,Dukalis
10005307,Yopaj
10005320,Rico
10005328,Alone
10005333,Lorenof
10005337,Shad
10005341,ArzenT
10005386,毁灭企鹅
10005601,Watson
10005653,niu
10005672,Panda
10005807,Collapse
10005933,Kataomi
10005988,Kiritych
10005989,Mira
10006081,生死
10006086,Yatoro
10006092,Xakoda
10006213,woMy
10006218,7jesu
10006230,dEsire
10006234,shiro
10006235,7e
10006237,Zzq
10006262,No!ob
10006346,Copy
10006400,TORONTOTOKYO
10006430,Davai
10006663,laise
10006719,Yuma
10006851,Summer
10006862,Hardl
10006864,ATF
10006868,swedenstrong
10006911,dSa
10007037,Rupido
10007094,Malr1ne
10007099,MieRo
10007123,OmaR
10007125,Atoufix
10007127,HAW
10007128,Zawrain
10007132,ace12
10007163,Lumière
10007164,Vitaly
10007165,Elmisho
10007166,Gardick
10007186,Yor
10007357,Mirage
10007373,Kaori
10007419,Zxca
10007422,bzm
10007444,Worick
10007445,fortniteMan
10007492,Squad1x
10007711,Malady
10007780,Wonderk1d
10007788,Alberkaaa
10007793,Chira JUNIOR
10007827,Krish
10007910,Bob
10008183,v1olent-
10008190,Pure~
10008220,DragonSouL
10008267,N1NE
10008279,Panda
10008288,N1ght
10008294,SLATEM$
10008299,Aomine
10008307,seimei
10008309,Se
10008310,Karma丶
10008311,Lewis
10008313,Jing
10008315,MonHty
10008318,Genek
10008319,Force
10008336,ukiyo
10008346,selfhate
10008351,Shigetsu
10008364,nicky`cool
10008391,Hara
10008392,lou
10008419,DarkLord^
10008551,Ksh
10008561,Adrian
10008595,项羽
10008596,Undyne_
10008597,JimmyCoff666
10008665,Jikroy
10008666,dalul
10008693,Corrupted
10008694,Hduo
10008719,dolme
10008751,Ws
10008780,OneJey
10008792,gotthejuice
10008798,Ari
10008800,Ankou
10008802,Nagato
10008825,payk
10008827,Destroyer^^
10008836,Hermit
10008839,GodKid-17
10008866,Juju
10008869,Chola
10008989,Daze
10009060,Aomqu
10009185,jwl
10009186,Akashi
10009189,Pota2
10009195,Yanbura
10009196,RCY
10009211,Kiri
10009234,Riddys
10009235,pma
10009240,kur0patbI4
10009263,salamat1
10009309,Miyaoo
10009312,zenica
10009581,Myn
10009663,JANTER
10009774,423
10009782,dance
10009789,Han
10009795,ani-san
10009834,9Class
10009851,DM
10009852,drakesh1t
10009856,Ribau
10009865,Asao
10009868,SHEOL
10009894,lalatronii
10009898,CodeX
10009904,Pandaの灵
10009920,VaniLLl
10009923,PRBLMS
10010033,Hanzama
10010057,Wits
10010089,Ekki
10010322,RESPECT
10010377,QBFY
10010378,Batyuk
10010396,yang
10010412,Moonlight
10010432,Fachero
10010456,Rein
10010459,Norma
10010475,Dric~
10010499,rubikon155
10010513,asdekor_r
10010533,Ethereal
10010660,Zoro
10010698,S1RENM
10010709,Sgodxx97
10010798,rue
10010997,Boombui
10011122,emptiness
10011143,Niku
10011144,Satanic
10011257,Aik
10011258,lupsione
10011603,Fernans
10011626,Infernal
10011631,LangvardS
10011632,Rincyq
10011662,Rain
10011665,niche
10011803,SSS
10011815,ChiPikaO
10011897,paw
10011901,dualrazee
10011914,Plupo
10012206,cutie
10012431,Covisnine
10012485,yowaai
10012790,not me
10012796,mrls
10012800,VladikTheHtiviy
10012829,hotoke^^
10012860,pang
10012869,waveformn
10013450,Triple H
10013454,ariel
10013455,raregods
10013485,CoYoTão
10013488,Zasa
10013512,bashka
10013523,Krinzhik
10013528,aguwa
10013647,Xenon
10013796,kreker
10013797,armageddon
10013810,ssnovv1
10013820,мистер мораль
10013898,Alternate
10014010,N2ob1Sho_
10014013,Flokk1n
10014031,slimeyao
10014078,takizawa
10014154,Mirele
10014489,kasta
10014548,RA1NCLOUD
10014642,-ATOM!
10014668,Katsura
10014822,NaNoSs2
10014932,ZQHY
10014970,setuna
10014979,спортик
10015065,Ryu
10015146,Htrd
10015166,muzan
10015310,TaiLung
10015324,艿雯妍儿.♣
10015552,Akamu
10015905,Bottega
10015966,byuno
10015980,Snufy
10016586,Askels
10016598,VΔ4
10016599,hwoarang
10016606,Fyoung-
10016614,Rayx
10016649,Simon
10016651,Yumeyume
10016652,Q7
10016653,Roy
10016657,Ma
10016695,Son of Shore
10016976,石中剑
10016996,Madoc
10017011,GG BOND
10017015,Dr. Strangelove
10017026,coldofff
10017028,bsK7-
10017043,yoto
10017045,云破月
10017046,Fool
10017116,Shakh
10017121,根
10017129,MugzZ
10017156,zer0_2
10017330,eva
10017365,咩咩拳
10017366,ChovYY
10017367,Tp
10017393,Rising
10017394,冰阔落。
10017395,跨越障碍吧！
10017397,Resonance
10017402,jedd
10017403,V
10017406,Kaeioet
10017407,diman4ig
10017408,Qute
10017409,seraphicyy
10017521,1
10017522,AyeB1sota
10017523,Kuroko
10017524,kx
10017525,Tempest
10017526,^^
10017527,elmo
10017528,Porty
10017529,Illia Topuria
10017530,misael
10017531,shushu
10017532,39.SY
10017533,Zerg
10017534,pta
10017535,Fer
10017536,Junior Alex
10017537,Jessie
10017538,Strawberry Sweetie
10017539,别动我的食儿
10017540,Tangrou
10017541,Cabo
10017542,losing patience
10017543,Volt Enjoyer
10017544,Pedro
10017545,Mongral
23692,Maelstorm
23759,NS
25126,Dread
30923,Xiao8
31282,Solo
33142,Sunlight
36283,VeRsuta
37222,sQreen
37420,Autodestruction
97839,SoNNeikO
110887,SumaiL
116319,Yang
121808,Kudes
137637,Zayac
142385,Paparazi
143850,Monet
162306,y0nd
164241,Pyw
196552,Lelis
201122,Daxak
202185,Malik
10000346,BLACKARXANGEL
10000473,Petushara
10000477,Fishman
10000820,Dy
10000877,TA2000
10001700,DkFogas
10002528,Kyzko
10003571,Zarich
10003720,BAXA
10003932,Tobi
10004967,4nalog
10006060,Ainkrad
10006345,Lowskill
10006349,Retsu
10006399,Smiling Knight
10006953,kiyotaka
10007368,xn丶e
10009264,egxrdemxn
10010086,queezy
10010671,Serenada
10010808,ряф^^
10011814,Hyugadoto
10012205,mangekyou
10012344,Shishak
10012674,EARTHQ
10012828,kaexd
10013845,krol9ash
10014004,Tankzor
10015012,shiroikiri
10015153,Aidar
10015430,poppy_bo
10016590,86
10016592,kyford
10016608,gbc
10016609,Gothic-
10017283,zuyzyan
10017292,hairo
10017547,elmo^^
169967,Ponlo
10004352,xannii
10008184,Bb3px
10008371,WoE
10009198,Clackson
10010679,OTTO
10011602,flacko
10011725,Manem
10014971,monodrama
10015054,Malin
10015329,Garbat1y
10016607,onLiTaL
10016717,disgardium
10007702,Parker
10007183,Munkushi~
10008245,Nande
231570,Coblackk
10017165,Kirimiau
10017161,Roboz
10009342,legacy
132755,Focus
10016071,egx
10004997,Abat
10013811,jenggy
10017128,butterfly
10017077,Toxic
10015655,innocence32
10013255,zvёzd
10007126,Young PH
10008599,Tiburoncin
10013637,aliez
204782,Crystallize
10002926,StoneBank
10008258,DaaD-
10005650,Pakazs
10010470,NeKo
10014236,icq
10011555,Franz
10015977,IDFAA
10017027,Jan-
10011565,Eliasalhaj
222356,Azur4
208973,krylat
132705,iLTW
231556,zipzap
10009311,Volshebnik
10007321,Ulu
10011617,V1NECY
205097,MS
10003670,Beebie
10016719,Monzaa
10005692,ReAliTy
10005618,Otaker
10015311,画小鸡
10010737,gohan
10010697,Sh1do
10016645,try to smile
10008225,FortuneSoul
10016689,Jemobulas
10012493,Anine9
10015352,Jedbaby
10014660,Apus丶
10016685,Kaiser~
130319,JiaJia
10016655,vinxcz
10016650,9mice
10016636,往け
10016671,dragon's sin
10016625,Hiroe
10011807,solt1tude
121637,jaH
10012564,Summerkid
10015565,BoockeZ
10012784,lycoris
10013021,Amano
10016597,Seyferens
10005338,W3ssenT
10015023,Zx76
10016600,get4ward
10005803,Sovenok
10015154,L1gle
10006422,Yuragi
10014804,Chucky
162204,Sammyboy
10007436,Double King
10016137,Okokk1
10014162,kmcdc
10007101,Eyesight
10006732,JP
10015979,Dynamo
10009148,Lukas
10008286,SpeCtre-
10015586,Astelter
10008668,CDR
10016115,知更鸟
10016120,Di Wu
10016128,赛文
10016040,Th3
10008399,Lil_Nick
10008818,Simple
10014625,kanoa-
10016049,blinded
10007456,MangO
10015921,Vince
10016035,maloydotos
10008892,AnimaL
10003668,Askold
228662,Gatciy
10016006,JesusAka
10016011,1striker
10007921,Mangup
10015991,nukeloff
10015967,Balagbag
10008191,Ulnit
10008281,Mouracle-
10015122,LipF
10008359,oveRkill7
10014793,Doinb
10015912,iBmaN
10014509,ShadowRvze
10015950,uraume
10015932,VitaminCbb
10007108,Mice
10016078,knzwcyd
10012405,patpatpat
154270,Save
10016095,-Ev03
10015929,Extendo
10011885,Wu_KonG
10016097,Doxam
10016088,MidNight-
10015024,Rin
10016087,matshah
10015643,xu33u
10016074,APT
10010532,Hollowness
204697,godbearkuy
10013901,Snuffy
10015555,After Time
220966,MvG_AcDc
10012811,aceofspades
10015582,liquor lips
10015588,just pos 1
10015646,sunscry
10003598,Rises
10015574,lil sii
10008278,SlaweE
10000469,Panda
10015561,AsLaN
10005598,dyrachyo
10014052,Loveabilities
10009884,Manic
10009840,iLØVEtoBUYBACK
10015169,Bloodsmokinglory
209012,NattyNarwhal
154143,poydoto
10015370,desperado
10015360,seven deadly sins
10012825,Saurfang
10005336,solji
10004561,filminy
10003370,GodKing
10004917,qovall
116403,Miracle-
10015195,petitekate3
10006890,Someone
10015165,Jia
10015161,Mercer
10015187,Todoroki-
10008200,Dot
10012202,LordSoul
10005376,Cucahook
10009872,LamarasH
10013989,mamrez666
10013256,Simon
10015182,Aizen
10012211,酸梅汤
10015147,рассудок
10014824,Valciel123
117152,Ifrit
10008239,Nishababy
10008573,Dingo
10010763,Vagabund
110957,Jed
10015121,Simon11
10014628,LET ME COOK
10009881,"L'enfer, c'est les autres"
10015110,小虎
10015118,Mkid 影
10015055,sunsy
10013799,4IVAN
10009492,Aagy
10015075,Slash
10015073,翻车鱼保镖
10015035,roflanslark
10015068,Arkadash
10015019,MrSaFe
10015057,ARQUIDOTERO
10010434,Mkid
10015048,m1rror7
10014507,Ilyhadaun
10004305,YoungGodLevi
10000497,Fearless
10014982,joelelll
10012418,Kidou
10015009,pp.
10014990,tugs-Erdene
10015007,白
10014986,loydyoong
10010319,Kry
10013448,N1nelie
10014837,bobypato
10002284,lil pleb
169728,borster
10014833,jean154
10009308,dizzying
97746,SsaSpartan
10000323,Fezor
10014661,NewYearrr.
10014828,Tony
10014952,lightvanya
10014045,coupeee66
10014944,Ilyaxq
10012410,ififall
152062,velheor
10014835,suiryu__
10014827,ege_dingo
10014512,apelsinchik5
10014805,ARXILICH
10014815,Grotesk
10014810,Asta_77
10009910,Jotun
10000358,pio65
10009179,P1
10010930,Forever
10009641,Arrakiz
10012434,DoubleKing
10014232,Depe
227708,Charlie
10011011,TAz`
10014678,swarovskiii
10014536,Zyuzya
10014516,vtroleybuse
10014636,nikitos
10014515,Ahrar
10013535,b0chka p1va
10014520,mahdi
10013496,vxzduh
10014633,Mr. Bon3s
10008380,lichttheslayer
10013812,Neverdie_T
10009867,focco
10003312,Barsa
207989,jAMES
10013932,pandachertq
10014634,NeverTrust
10014494,SovietMiku
10014478,Light1ng
10014438,xuchen1
10004889,kolyan_BK
10008796,erase
10014517,JeSuS_sia
10014493,Tarstayl1
10014461,fonqufey
10014450,Akkerdjie
30372,Fear
10013841,Nisivan
10013999,riotriotriot
10011945,Manav
10000798,Arrow
10014017,程潇
10006987,Kagome
96927,hFn
10007922,fonqu
10012548,dnxrth
181261,Sonic
10006895,Rvze
10014021,Baedu
10010386,ficus
10008345,ktAmOp
10010925,Kiritsugu
10014033,n0shigano
10012798,diffrence1
10013855,Mbrei
10013990,Ruger-
10013973,RiseoftDark
10012255,ToTiYamato
10013985,enwr
10012356,lwk7
10013936,Isalfy
10002254,nthh
10013943,dayrix
10013933,YourBlade
10011811,4reta1l
130122,Ghostik
219691,Bafik
10012220,sbhashdjhj
10012808,Spk
10013880,loser
10002863,Loller
10013863,A9
10013852,sicasfucc
10010444,Ferte
10013821,Artick_fox
10010085,RiverBeaver
10013813,wormy
10007120,millky
10013538,Dejej
10006720,RRL
10010786,Ashen
10013529,predrague
10013534,Dark Lord
10013524,fakegods1
10007098,layme
10012778,Ifr1t!
10013440,无常
10013503,Angel
43657,mason
10012785,lanxiaohai
10013492,2namnori
193978,Arms
10008799,Crayon
10012481,Light
10012511,Instincts
10013472,kerosene
10013434,霞雲の海
105905,Handsken
131762,canceL^^
116383,Exotic Deer
10009341,Kanao
10009327,Fll0
10007931,Deimos
10013034,Simas
10013043,Tudji Otac
231047,moh
10011641,ludekjekral
10009833,guapteezy
10009315,iggy
10005700,CHAD
10007989,L[OO]M
10010437,-SouL
10013020,Schizo
78430,4dr
10006401,re1bl
196107,Chalice
34306,Arteezy
10012812,Celulas
10003030,Benny
10012910,DIVAZZA
33188,qojqva
10007918,mali burgos
10010362,Qi777
10012200,XCXZCXZ
10000553,Mercury
144533,Gorgc
10009896,ARES
10012874,Bahoi
10009836,Tsunami
10006093,Toresha
10012847,Killua
10008503,smN
10012872,vadimshadowfiend
10012889,neo
10012862,Karapuchelo
10008260,Waige
10012844,BraeBrae
10012821,sentoru
10012835,Fleas_flow
10008881,ZLOE_ALOE
10009310,mitrofanushka
10007371,sh
10012020,NiTr0GO_D
10012806,monster
10012797,GHOUL2015
10012208,totus
10012792,Neptune
10008659,CarJua
10012768,に冷の少年でる雨雨
121860,RAMZES666
10008583,Jacob
34416,Cty
10010658,Leônidas
10003314,Skyward
10009965,Hundred
10012569,AnGAME
10007839,Resu
10012557,Kio
10012552,Grief
10008238,Marb
10010423,Aldair
10008247,Intjey
10012505,Frieren
10012543,Shiroh-
10012524,Temachyo
10012527,Ivarik Soul Reaper
204760,Puzzle-
10012519,asuna
10011577,qjylegend
10012483,zxczxc
117163,BSJ
10012407,Backspace
10012449,Scream
10002820,POQLXM
10008588,Bill
10011921,Logan
10010392,Sketcher
10012401,obcs812
97804,Xepher
10012397,Dupo123
10002549,dnm
10008198,Q11
10012408,Pdoor
10000558,Supatakz!
10011916,Karan4
220705,W1sh-
10012214,Siia
10012365,Rectail
10012345,PrinceCupy
10010342,sanctity-
206839,Cooman
162720,Quinn
182894,Setsu
10004546,KRoNo-
179370,islA
219925,kAAN
10012242,Ilekyu
10007320,once.
10008801,Mataraxis
10007794,k8t
10008578,Pastil
171909,Mandy
10008835,Rena
10012002,YeQiu
10002245,Belony
10011600,END
10011918,Drano
10011827,Paradise
10011820,cutie_krol
10008838,Mikey
10011830,mizong
10011870,Rhenteezyy
196836,Ark
10011829,qd9821
10011825,iLTF
10011823,rizza
10011817,ZipZzzap
10002379,Cridoz
10006100,Kom4rt
10011651,størm
10010358,普信1
10011543,Jager_AoT
10008265,lundd
10002372,SenL
10011633,therealyou6
23969,Blowyourbrain
10011619,MENU
10011574,blademoose
41279,Meracle
10011559,3lyk2
10011612,klkfue
220958,RdO
205917,NineLifes
10011586,spoileddd
10011563,MoJIodec
10011545,nqrse
10005631,KNP
10001586,Dust
10005799,Rain
10009788,冬
10002283,Chosenone
205004,Scourge McDuck
10000528,Berna
10010683,Overkill~
10010685,night
10008306,Ikigai
10009776,Maid
10010517,emok1d
10010707,Kirag-
10010717,qzq
10004396,NaoG
10010030,KID-
10006051,Arti_Shock
10008955,SociopathQ
10010677,CBET
10005600,.Lonely
10010750,Lnl
10010787,Szajtec
10010751,DotaMini
10010383,艾伦耶格尔
157973,Fonte
10010793,Akijiro
10010473,Sword^
10010728,痛み
10009764,Trojan
10010663,Turbo
10010766,outlaw
10008563,kagami
10010711,hades
182788,Therence
220092,Nada
10010720,Soyboy
10009775,Trill
10000120,Cry
10008369,Dinozavrik
10000703,doodle
115427,YawaR
10010507,hwaa
10008810,nessaj
10010026,BurNIngGod
10008008,Arin
10006599,Rem
10009982,TA
115651,Nando
10010514,LChucky
10010075,J
10001530,SINFULSOUL-
10010335,King
10005942,Mingatte
10010462,Sylvanas
10010465,Euphoria~
10008285,Regemind
10010352,Umi
10010347,心碎小子
10010353,滴滴
10010400,128423973
10010394,let it go
10010472,bad_and_sad
10008264,nightmare7
10010435,El-Haki
10010442,ram
10002894,Mastery
10001554,b1kaa
10010502,NibarGun
10009791,Softr1k
10005730,Xenon
10006954,Rari
73535,Iceberg
188998,4ndreJkee
10010368,Fortuna
10010399,Tenseiq
10010379,AlexGod
10000654,MTD
10010416,noertti
10003666,Avalanche
10000371,eGo
10007777,mks-
219924,Flash
10010142,Satoshi-
10007109,Unknown-
10006078,1ce limit
82311,Lin
169560,Stormstormer
162022,CHYuan
191481,Blizzy
73641,Tavo
26402,n0tail
179347,Wuiter
10008772,ТРЕНИРУЮСЬ
10004285,Shaking
205123,ISI
10009977,郭嘉丶
10009900,Shredder-
196556,Madara
10006210,Enryu
10009770,Prodigy Han神
10006668,Megabauss
10009845,jkl
10009972,GeorGio
10008211,Chen
10004957,Tricepzz
10009842,B-ok
10008207,Jack
227506,pingu
10008212,seyokalash
42164,Febby
10010055,dpms
10007735,QUESADILLA
10009957,BURBANK
10009876,Deux
10009855,Zeref
10008280,GeNiChiRo
10009950,Spooner
10009948,Mumu
10009951,Dream海
10008575,Sneaky
10004622,baboonslayer
10008574,YEGET
10009798,RimuruGod
10010050,Blank
10000121,BoraNija
10009939,悲観主義者
10010038,Oles Xristos
10008347,fsd
10009936,Bushmav
10009991,TAKE MY LOVE
10009931,4ever young
10009996,d1abetick1d
10010005,fakee137sell
10009946,fdfdf
10009941,Jack of Shadows
10005732,Cloud
10009825,_Richik_
10008956,PoJiLyA_sKuMbRiya
10009890,啦啦啦
10009751,Xiaoguo
10007194,Ty
10009779,坐忘道
30881,BurNIng
144970,Victoria
10009783,1
10009773,kalay99
10003757,ParasiteTM
10010067,Virgil
10009911,Jun
10009984,Rain1
10009913,AeeeroniMouZ
10009905,serene
10002751,Ifr1t
10009536,Fajletz
98895,Sono
10007837,escape
10004721,[T]SA
10009560,Ryu
10009632,Kma
10005691,Spag
10008010,Zeppelin
10009608,Fury
10009584,Nanz
10009598,Caelum
10009570,JJ-Pope
10007990,Geoman
129773,SVG
99465,MATUMBAMAN
132764,iNSaNiA
33166,Resolut1on
156797,Frisk
156194,Boomy
126056,Moo
10009339,Stoijkov
72291,Garter
26087,Loda
10008009,AtX-
185203,MaSTeR- 
10009320,valerajeebat
10009333,Purple Unicorn
10007172,MikSa`
10009330,Cardinal Copium
10004689,Limitless
10007129,Sancity
10000318,JG
183631,Helios
10006852,zc
10008202,The Warden
10005387,White丶Album
10008804,mouzvaa
67548,RodjER
10005329,d1smar
10003347,Koma'
10007448,Fantasy
10006961,Molasses
10009212,balibala
72845,ppd
10009217,syndrome
109234,AhFu
10000492,czy
181278,Licht
10004510,Rakuzan
10004893,deihraa
122804,SkyLark
10000538,albinozebra
10003049,lukiluki
10003557,kickeed
10007156,Vyacheslove
121207,Nikobaby
23765,Puppey
30446,KuroKy
121668,Misha
10007184,Yellow Flash
10008216,ugD
10008815,Royalflush
10008813,Italiano Gangstar
10008203,蛋蛋
10006057,白也
10008872,Yuzu
108972,ChaoYue-Shu
220618,Bell
10008797,Luis
138701,Leostyle
10008837,Chicala
10005340,Timo
10004050,Tano
10008851,Tews
10008846,PsychQ
205706,hAze
195605,USHUSHUSH
10008993,Lost Boy
10008781,mneplev@t'
10007494,Leka
205937,lowkez
23787,XBOCT
10005811,Actor
10007841,sh
10008962,DANTE TRASHY
10007496,desp
10008957,Ferox
233718,Shergarat
10008349,Ilyaonedota
10008735,Death domain
121678,Miposhka
30718,Ceb
10000476,Astral
205019,bryle-
144964,Flyby
97743,w33
87236,boombell
10008667,凤栖梧
10006848,Irving
157952,M77
122063,sss
10000539,pingu
10005311,GOD_Z
37634,MSS
10007325,Vol
10000688,albinozebra1
10000126,Ade
96144,Jubei
10006306,TheBloodySky
10008224,Failver
10008569,opium
10000273,QM333
10008568,Karan
205368,Rusman
193982,Duster
149678,Jeimari
10005626,Sacred
10000892,murd0c
10007254,Sora
10008316,Adrx
97019,Max
97824,Chessie
182123,OwnedMe
10000056,ntakii
10005796,phoenix
10008389,Seed
10004683,J
10008334,185908355
10008328,Gekyume
10008397,Forsaken Oracle
10008218,Oklahoma
120730,Ryoya
10008395,wakemeup
10007187,ILICH-
10007450,Kitzz
10006717,ITALIANO GANGSTA
10008274,OoinkOoink
10008259,Matsuri
10008253,Barttousai
171885,Eixn
231599,Supream^
10008196,MustDie
10008199,Hun1ah
10008241,cast spells
10008246,mouzdota
10007785,Kimizu
10007647,x123
198694,vtFaded
74015,Abeng
10004870,Chidori
10004349,FCR
10008322,GyO
10008290,Baphomet-
10001037,SuperNova
10000482,Ergon
10000347,Shisui
10004509,pJonn
10008370,sentimental mooo
10004985,Arhimond
10006427,Reynauld
10008372,Jugger
10001557,airu
10006710,Fam0us
10005623,Desperate-
10008352,Huilrake-
204722,Lich_King
231124,paradise
137634,StormC4t-
23766,Dendi
185199,Prodigy_ConWar
10008041,quick-
144460,iMBa
10006347,Solar
10008035,Slawe
10008025,Cassshhh
10000822,Tr1cky
10007985,Wunna
10000489,Enny
10005847,jAM3S
231239,Anteroxz
10006870,Muka
10002730,Rab8
70712,Yellowflash
10007933,chuchi
10007929,bEAUTY
10004439,GuessWho
10006090,Dodren
10007619,Top1Sochi
30937,Sylar
130135,ThuG
221899,Peksu
25164,EternaLEnVy
229219,Khezcute
10006722,Creep-
10007038,Pale Horse
10007740,Heaven
10007158,Sweettam
10000759,eine
31744,633
169563,HoviteY
10005820,Desperate
10000494,Darly
10006964,Earth
10007078,平常心
10002298,Llenn
204606,Xwy
10006951,Lies
10002411,Szabo
110945,Madara
180130,ana
87637,Pikachu
181798,Ab1ng
155455,Datbb
10001039,Curry
10007440,pecado666
10007415,foquito
227779,Syuuu
89068,Excalibur
10005599,Egor
10004354,antoha
10002531,HappyDyurara
10007465,Kedd
183713,Shining
10007455,123
10000351,Limitless
10002018,Kodos
208985,Zitraks
207243,tatakae
169505,Mad
72141,Poloson
10000554,Deth
151272,Rapy
82487,Forev
132766,KheZu
97059,Nongrata
235536,Bombad1l
10001663,lightless
122518,Sccc
183459,JUST
30462,Fata
105919,MiLAN
10007124,flacs
10005941,Mr.Jeans
220990,Valquiria
152073,Topson
10007255,TOBI
10000653,458
200052,Tigger
231023,AlieNManaBanana
10007104,YouZhi
10005664,Murderer98
10003330,qoval
132958,Nix
10006910,celebrity
76328,KingR
235019,Xibbe
182077,Nine
10000560,bfl
74014,ninjaboogie
157956,阿香
10007113,keNness
10007188,Mc314
10001412,elmo
25119,Funn1k
10007141,diaperboy
10005642,Petru44o
10002010,HarisPilton
10007143,DrWatson
170070,LastHero-
207241,Browd
10006892,Mystique
10005750,TANNER
10004697,鱼王
82402,AfterLife
10006958,gwynbleidd
130032,okcya
73385,rmN-
32133,nofear
40046,UnderShock
153957, iowme
10006865,bomjara
208964,PLOV
130257,Sam_H
10006715,虚无吞炎
98815,Lil
152070,Flens
10006733,GrimReaper
147500,Mastermind
10004634,StarsDota
10006727,hahah
162200,EstroYER
10004355,htz
10006690,76561198100361494
10004964,橘里
10006679,凯文
10002738,Bensoy
10006685,TigerCat
191475,YRG
155899,Chuvash
30500,MISERY
129376,Rajjix
169628,Sehny
10006669,Beladja
10006675,Hawk
10002874,Adzantick
10006670,LLSnL
10006255,Space
10006664,Aghanim
129771,Ritsu
182779,Srf
10004437,illusion
10004317,чикиряу
87646,EcNart
37168,j4
117000,God_7
32127,Fng
31725,yol
227063,so bad
10003625,Aramis
10000641,Luk 火
34781,InJuly
10006431,Madaroid^
103089,Qupe
73700,Lance
157958,sjl
10003350,forcemajor
10003957,vicoros
10006097,Gee'za
101857,goddam
10006082,Gan16aL
10001096,Firestorm
10006096,Blade
10000909,Profectus-
10005837,Gibkiy
23763,Illidan
152056,TTR
40544,ALOHADANCE
43599,Moogy
213686,PuberrrR
40536,Yoky
74586,b1kA
207977,FACEDRILLER
10003388,XiaoU
204607,dark
10005373,左手烟神
220101,Sexyfat
10005940,TaO
10003054,Oceania
96961,PlayHard
10000258,K
10001570,ASD
84817,liekkas
72762,Husky
10005937,KongWenge
10002253,tekHnoMonkej
26390,Era
10004284,ryo1
10005934,Killua
101520,Kim0
10000904,Skadilicious
10005835,Drew
180545,TheChosenOne
122251,Fervian
154069,Ahjit
80823,END
10005262,Ani
10000128,Digi
10002285,Power
30469,Black^
219447,Dark
10000816,Skemberlu
10005668,drakeel
10002257,picslaeder
188749,Lolingblue
10002552,IceQueen
205195,Nitro
76438,Ayo
181127,Frost
204464,Eve
169597,MagE-
129375,Cbs
10005663,TediousDota
10005645,Tiares
10005651,Gork
10001108,777
97031,GGwpLanaya
179365,AfrOmoush
144953,Ceyler
10004920,NavigaTOp
161849,Senyamonstr
31004,YamateH
10000800,Welp
219751,No7
30620,Aui_2000
183515,897
10004863,Vivian
97843,Limmp
25166,s4
206072,444
121515,StingeR
10001573,Chives
34419,Fenrir
219773,Jamesy
205961,Dy
116209,kpii
10000578,sgr
86383,Mariano
186661,Solitudeee
122539,Greedy
30874,HesteJoe-Rotten
223294,hector
32844,WinteR
10004677,7373
169985,jobeeezy
30955,Faith
10005330,Hastla
221005,Nuages
10003596,Flapjack
10005366,Aretes
10005343,Cara
231040,@iSonic 
10005371,Deymon
179369,Kempo
30883,NoiA
10005339,marseli
10005334,Neks
10000667,Unkind2281
205935,Kaneeeki
10002999,KazL121
188556,BrayaNt
120729,xuan
204988,Pyrowraith
10005359,Justus
10001425,Kzar
10000623,Grimzx
10004676,TP_Martell
133848,Velo
33153,ALWAYSWANNAFLY
169625,Risk
30697,ixmike88
121638,Bloody Nine
227560,Bhm
10001982,Sue
178036,Somnus
33225,pieliedie
122798,Eyyou
219768,TrazaM
230266,jmn-
169729,Kitrak
30516,1437
36342,LaNm
116499,343
30600,syndereN
32319,EGM
84823,Q
121836,Luft
40038,Masoku
42162,March
30378,Jeyo
130972,c4t
157042,Jericho
188547,Aville 
10004640,PndMB
10004993,itz
10004990,Zhizn
10004987,EricKING
42103,Shachlo
161672,Flysolo
23809,13abyKnight
10005725,Yuuichi
82489,Reisen
156708,maomao
10004846,Django
31013,YaphetS
227781,Womber
190773,Dodjiee
10004830,YouFFi
132737,Inuy4sh4
116385,eL lisasH
204965,Limitless98
10003003,ttdndota
10004972,HAPPYGENETIC
169959,chutieudite
162126,shaker
205424,Timothea
10002225,Japoy
30915,DDC
10002955,Luci
205819,the6god
30545,ComeWithMe
82446,Solen
73515,DkPhobos
231478,Facehugger
231262,Newbie
33253,Wagamama
231988,hairy_freak
10004936,Yrgels
26098,Akke
10004315,Stvol001
10004904,XabibBibip
10002600,lil tomat
10004907,hOrOshiyy
10004563,Trafi
230285,Tsuky
10003504,Tsyman
155568,Hym
10004494,Qana
10004498,ltwwtl
169610,Lodine
10004511,ys
10004490,我笨蛋
72073,InsidiousC
10004691,Metal
10004687,Xenus
73658,sonofrtz
10001661,Andrej Porjazovski
10003058,Shoe
219998,Raykill
135054,LeBronDota
229990,rZs
34067,VANSKOR
113756,iceice
10003142,QYQX
154264,Husky419
10004636,Red5
202960,MYSmoon
10004623,Beestworld
10004478,humblemumble
10000674,rangermoon
147504,Mambos
10004680,Widecoast
10002365,Ahjusi
154124,NO_Chanc3
10002608,Kylekang
10004651,Ow1ns
10004644,Babymen
157281,guipepe
10004641,KngDestroyer
151275,derp
31228,JessieVash
10004618,NorMan
205102,yoona
230283,PaloKy
10004542,khayuri
136537,Scabo
132778,MaTa
204964,LibraByHoly
30593,Mantis
10004538,BoB0-
10004566,Pablick
10004560,開心d
10004541,Ravesse
10004550,thehomelesspro
40045,CeMaTheSlayeR
116976,qd
30572,SexyBamboe
10000918,Chris Luck
149680,Matthew
31497,chshrct
10004445,pinksoda
31096,SanSheng
169436,Steelborco
10004433,uaskimnya
74687,SlashStrike
10004436,broxy4
10004319,[T]SA
183015,XiaoXiao
147017,XuaN
223296,Villain
10004430,sqm
228725,Clayifer
10002234,Marc
207461,FelixCiaoBa
10003311,detachment
223366,Hector
10004424,Just Do It
202066,Yasy
10004420,最后的骑士
10004419,mixterio
231265,HuiHui
10004402,holasoydan
220006,Virsatus
10004407,kagamikun27
157039,Kingteka
220999,Wpcristianx2
10004375,palo4nik
10000113,Scyther
10000063,boomTARD
10000639,hAzeshka
10004384,xtheone11x
101522,RR
10004412,Magi
31065,Ohaiyo
10002361,dandi
10003310,linsanity
10002255,sk3tch
10004332,wangzeh
10003931,Nikolica
185195,Wingblade
10001549,Noer
182034,dnz
10004385,qxqx
10004344,R35P3CT
220974,Flapjackmun
34357,Mitch
65247,Niqua
154774,kacor
10004310,Denzzel
97803,SPACEMAN
30992,Mushi
10001544,snOw
10001531,piiooow
10004301,Wolfgang
144972,September
10003056,kyle25
220004,bleeky
10004334,Unelma333
10004323,Krakerok
10004326,Spandy
10003384,Kazz
119660,GeneRaL
95708,Afoninje
10000316,闷油瓶
155449,TenGu
10000722,GOD___Z
10003995,nandiadota
31519,mooNlight
117151,VaNn
162010,Kenji
162134,Protoss
10003996,Gothex
30980,Godot
10004075,HaunteR
10000496,PasoLL
10000510,RogerDodger
96925,Bardo
10003934,OdddyNuff
10003959,k3k3rm4n
10000342,dsr
10003953,Dixie
10003969,Kelvin
10000357,Sherlock
10000637,oldWhite
10003967,Stormsoldat
10003948,prime
10003947,TRAKTOR AS
10003930,Digixx
230261,adrian9922
205728,eN_
10002351,mizusaga
35853,monkeys-forever
133814,KaNG
129318,fn
10003102,Sun
10003759,DemiGoD
10003767,Whiz
43564,Xy
10001743,Lwwnb
235597,Venom
10003721,sad tomat
10003724,VALERA THE GIBKIY
180540,ufir
180549,violet
10003703,yeyey
122538,Atun
10003673,nauges
10002265,102304762
10000531,eocenenine
10003650,XD321123
10003631,Eblolet
10003630,mxrty
10003628,iKotiky
10003623,im41
10003627,shl
156118,Benhur
10003604,sert0077
102824,Tudi
84821,Garder
10003655,Fe
10003660,Pzon1
141438,Ash
132692,Bashruk
137638,pwN
10003577,Sim
10002825,ushio
96931,UrBoyJC
188014,Kaze
205221,KasmoNear
132777,mrAhilles
10003568,Junior
10003478,esko
10003566,Technology
10001097,ItsMyTime
72846,zai
169172,Sword
30487,Pajkatt
177786,MoZuN
10002404,esk
10003105,worst
196282,jieang
10002566,Black Soul-光
10000634,elsombras
10002166,Ched
10001555,justletmedie
229607,m3gaton
10000355,Turbosexyboy
102825,FiXeRs
205777,Kushimota
10002759,JTBC
10003301,uniqgerman
10003298,AlexZeppelin
31070,Net
76439,RAI
10000705,RedPanda
10000636,Babypure
75613,Fullback
10000236,ar3a1234
10001548,D4574N-SG
10001631,superb1a
205373,king2056
10003043,andresito574
10003053,Kevindoto
10003008,lorelei
10000686,ppiinngguu
10003048,toxic
184690,hachiko
10003052,harodihg
182096,Sile123
10003028,violetrain
220659,sanyaquez
10002385,muf
169961,Red
10002722,RobotVice
220962,jamesonda
10000725,TalonFlamee
10003007,yumi
10002252,AdmiralVanko
31728,Sedoy
10001636,155162307
10002927,Kronosbaff
10003002,GunteR99
74686,MinD_ContRoL
220701,Taiga
219949,loveyouloveme
144949,SORRYthen
162169,Colleo
10002807,xy
10002875,aayJosh
185212,Blue
232003,Irvine
83510,ReiGn
231051,Hajadlo
10002871,KooAs
10002830,Lidless
82448,g0g1
10002829,Norfl99
75092,iLLusionisT
31326,Kingrd
227592,Negi
10002584,Mikasa
10002587,Kourosive
10002233,keithmendoza
10002638,F1refly
10002642,YuTness
191476,Luobo
10002643,Aq
214603,mercy
10002637,十一月
106585,9pasha
10002609,Jay
10002606,Symbol
67547,XaKoH
10001533,majinbo
10002595,Viktor bot
10002300,gg
10001990,MiDong
133825,Rong
192522,Fey
231034,Steinadler
116498,MightySavior
220889,Wu
10000646,bobo
10002554,Artim-
211757,Prodigy0009
220959,Dashka
76435,Son GoKu
10002258,Sunk1st
169445,Cys
121833,Swiftending
169440,Teckla8
216264,Gabriello
23971,Scandal
10002394,Fullback
169738,AngryBoy
10002397,TRoNoZ
221003,NSART
231198,Nasjo
205939,feltsoo
10002420,请各位按照顺序依次排好然后挨个斩杀
10002356,jojo
231191,ohstar
10002299,痛苦鸭
102493,Nj
10001989,blank
170024,Ryan7
10002371,ainodehnaa
10000229,Mariachi
182118,Madkingz
23764,Santa
10002231,yEET
219325,bty
143837,ghost
10002274,AomineD
10000916,СТОМАНЕН
229605,nomadickwa
10002239,BatulziiAK
162075,xtrmst09
205020,Alren
132707,muriel
10001021,BBCD
31048,kyxY'
82490,DuBu
73964,Benjaz
138965,Stan King
25122,Silent
30931,Yao
204749,vonsiq
10001614,Visuder
10001149,k1ra-
86836,ARTES
10001637,colorN7
97838,Yajitsu
10001625,Hunter
156672,waixi
10001546,KzInvader
119614,Hook
26081,AdmiralBulldog
133294,KvH
139702,BaiduKING
10001585,Sie
180490,tnt
10001550,andycooT
10001563,Danyawhite
153933,Evgendoniy
10000902,NikoSL
216410,1ls
171762,Another
140241,Slayer
220988,sl4d1n-
78432,Nedbone
10000227,sam
138708,mario
10001109,Low energy
231739,Lucky57
231005,BBTM
220035,rastaman1602
97076,matrice
133844,Nafari
84819,Agressif
205914,Storoh
103094,Ditya Ra
97846,Kyle
30522,G
202183,B7
10000589,Achilles
205262,Valquiriadot
30671,BuLba
30375,DeMoN
129373,RvP
205402,btn1419
133828,Aventador
76451,PrettyHaw
10000230,DK23
205236,slowtrack
205922,Penchys
31523,KaHT
220660,thejstgod
10000638,Timetorape19
10000630,Erik
10000055,HSSLNG
96930,Tolera
231223,mkfury
220886,Mogur
230779,Loafer
30420,Trixi
110943,Keyser
10000796,B7 NexT LeveL
118933,Jabbz
188000,impillo
179359,ChiDoWi
75095,Synergy
30582,SingSing
10000498,Aoun
169602,MeetYourBob
148856,lordboonz
131117,TopoRRRR
10000521,Tastingo
100278,old chicken
10000650,CANNIE-
187991,Songz
10000644,Kezia
10000679,4imer
204996,DoublA
10000640,TOPORRRBOSS
205733,redhama
210664,Rajjix
10000668,yellowsflash
117118,Syeonix
31079,Hao
184563,jona
156854,Maden
10000471,11zone
188551,KL7
77201,MyPro
171658,BlizzarD
10000503,Come on
10000478,Toni
10000486,Motik
10000467,Reallity
10000511,ningy
10000499,GENTLEMAN
220624,efking
113666,bLink
230940,Destiny
188017,Wij
214604,hmx
74003,KoaLa
25124,ArtStyle
10000111,FuN^KeFaL
10000116,eko
129755,Pablo
227941,Mouse
81895,Kaka
182078,Jomon
235405,Anfaenger
235399,Hans_Kaese
182848,bd1sh
161299,SoulOfWar
235551,imspectr
87641,TimeToDieNoob
235523,The Will
182864,VIFA
144515,Five
82445,Eskillz
183616,Ori
233312,Banjo2013
233321,904
144511,Ln3uS
40047,ArsZeeqq
186656,3aratustra
129670,Maybe Next Time
34960,Buugi
80303,Dogf1ghts
31193,Bimbo
133290,Feero
97845,MoonMeander
220025,fengshishi
116407,YapzOr
82537,QO
170072,KiLLoManceR
204966,Suicide_
231940,Wook1ee
229641,DelphDota
231193,itsmefernz1
211671,takumi
219694,sandro025
161565,Johny
129584,ELeVeN
34759,super
205022,versatile
109618,thetoo
97049,Jenkins
116497,Bok
68705,Julz
204632,AlaCrity
231055,Mufasa
116394,Volosha
205816,hr
231710,Eust1A-
231720,Innate
231738,Jiyuu
83725,Jdh
231866,O.okay
227552,Dstones
36335,Xi
229604,Baajgai
152072,ouker
231561,MamaTobie
169548,_HariS_
219917,BLZS97
231577,GASik
231584,TimeWanderer
219902,amirphanthom
231601,142139318
130132,Biver
211759,Joelpaco
206065,Brats
31000,iceiceice
229215,Dreamocel
174713,aaron
230707,Feimkn
33229,bOne7
230789,daqon
197250,Shelter
156795,Jixing
183517,xiaofu
156675,Balloon
121692,Mikey
229579,suntnebun
119657,Flow
87440,Jet
228660,ORG_Bestolo4
228654,Artem-evelis
228648,LuCkzor
228639,samsamsam
220982,cOdiziAAA
194004,Atilob
205263,Fex
215193,Acil
188545,2hoi
30907,Super
30911,rOtK
220987,Dominic
220037,BlackStar11
205197,mancoseco1
148526,Sooths
220881,Liangy
219986,Enough
154312,Fronz
73963,WwD
144445,hNNN
35014,NutZ
97023,MikeFury
219874,IFdani
220708,Ligbank
219906,poison
152042,Ol'Avstampet
164066,germanplayer
155856,NeaR
75847,ShiKi
205958,enigma
124635,86
156726,876
205240,zK_xTreMe
162183,WuDotA
220892,Lord Wilmore
220916,Nascoo
205774,umbra7
170035,ajesetave
106661,bowbowbow
130112,AxMo
220633,McQUEEN
101524,MeTTpuM
99791,Vovapain
188553,Cascade
188985,xiaNG- 
220610,kloozxc
219870,Pekso
169603,ar3a12345
132773,gerplayer
216882,Alexxo
205871,Gatsu
220002,JubeiNEL
30872,Merlini
204992,zxyc88
205010,IMBAJack
219995,Skaay7
122526,Mrrr
36348,Icy
205099,EX
169721,Soul_darck
220050,Waitandbleed
162217,theswordxx1
205235,Norvack123
220107,n___n
188596,Unichello
220063,carlofera33
179366,karrion
219314,Chris Martin 
164818,Wolf
64736,Ax.Mo
204950,Pepper13
75080,Slander
25117,Goblak
169968,Crimsonrose
205416,morunakub 
162009,ShowT
205426,jiahao0731
162008,phoewathote
189008,raprap
202064,Ramz
72767,GoDz
42176,MP
110955,Yaj
30677,FLUFFNSTUFF
101514,jonassomfan
155503,Op
97703,ryOyr
156136,yabyoo
23761,Crazy
40035,Mstco
169345,MagicaL
158109,Sakata
31024,xy-
26404,H4nn1
32865,Steffstyle
155885,Eagle
75618,durpdurp
85137,whiteBeard
169442,Elviscochuelo
205206,VoN
205957,暗街灯也在想你.
204466,yfsN
204920,wenlian
194648,Yellow
31200,Samael
156140,KelThuzard
205125,Virus
156694,Yin
197432,Zei9
204936,nwp90
98243,chisbug
162060,rzkvrzh
31047,XtiNcT
169974,Pason
115652,4G
205359,128701865
205370,yukichi22
188548,iLlogic
172561,Light
195790,kSsA
197357,Secret
132960,Sergeiqa
32324,StalCat
205912,vv-
144250,Satan
205934,spacyQ
205436,Upay228
204968,skQO
205815,FuzzySloth
154323,Slimshadyfz
138051,Monib
162223,Zingle
196162,jafar
205727,Stomankata1
169532,rime_
171895,Chaoly
204981,vintagedota
144475,RealToxi
181148,DancingDragon
75086,Hugo
204959,Sando
75119,Ar1sE
144948,ygrt
170071,114844288
198985,Radek
204961,DelReym
204777,ololoKiLLO_o
204999,CappityCap
204978,Marlan_
205018,inori92
204410,Discount Damon
205005,Orange
30692,TC
154275,Frempo
205194,AZASOR
205190,M4ssivez
205256,virtrux
205201,arsstyle
205218,vizechris1
183629,EatMan
162051,aditaville
189012,rapperlay
154115,neyzidney
169976,Giobyte1
204912,Kaizer96
30386,Mag
31172,LaKelz
196152,Flash
87645,IndependentFMA
196167,5loth
156856,Jason
96959,Jacko
196098,tty
129769,Beesa
125859,Flarez
129787,L4W
183615,Mopao
76449,FaN
116999, carrot
183628,2huang
80825,290 
105873,Yif
33271,JerAx
30662,UNiVeRsE
155433,Magical
105734,SANKE
67546,L0lik_O
34916,sD
73699,ddz
162206,futzeh
121636,justin
31221,Cast
75851,Xz
181800,Kevz
178487,leehongki
188747,Keeente
103395,Solitude
188599,jenkinsdota
132703,NORT1
154101,Wenn
121677,Dale
30828,Ryze
129303,Lmgd
183437,zq
86511,J3R1CHO
162189,Algodonchin
187998,Skaay
121694,Tib-
185191,adyjnipryanik
156500,AngeL
84870,Arya
169534,Meepor
82449,Kole
105743,SaloiG
184558,pjlworld
133293,Froogoss
184552,DragRiver2
162222,Jheee
184688,markreynolds
183287,M3th
182125,SUreforman
182115,Furymon
169540,kacks
182089,Svonn
182083,jonat1221
132772,Blazemon
105904,Sealkid
31295,Chrillee
181138,BabyPickles
181131,Roobiiin
181124,hjortfan
182801,impnaskille
182875,dds-
182824,d1sco
182884,iamspectr
169632,WinOrDeath
182869,hellf1re
181348,suorg
181370,Your.NightMare
181355,Vatte
181336,jeebzo
181245,pushka124
181284,Pilot
181351,Kykybris
181383,ownetskuu
181317,T1honnn
181343,BrokenSun
181330,FRDD
181308,zaikanie
181271,Kozlopupina
181298,Utti
181226,Smet4ik
181252,Bliznec
181239,Iarrid
158029,Panda-inDisguise
121831,Klasynky
30902,MMY
113664,Xiao2le
157966,doto
30968,ChuaN
130779,destiny
30952,Ferrari_430
130304,DXM
72145,hyhy
157969,Noble
156674,FT
157961,yyy
34778,Rabbit
154103,Masquerade
34202,Ling
113122,OmegaPwner
73974,Shanks
31511,zxc
116387,Supreme
126526,Gedrox
129786,mdL
170063,Mute242
168558,Reol-
170085,thefurryp
134978,Dark
144934,Truedale
144939,Attackerdota
132725,Bal-Sagoth
170089,sonkei
169553,nofamily
169590,BBluEE
121842,kef
169575,ErgoMortis
37981,PGG
130317,Le
124638,Dog_7
80921,ztokel
169724,Takenotesplz
96167,Merlini
96932,FlyingZebra
154121,qweasd1234
161668,Tonsk
169970,RvtLzeKarl
169952,Pandemic
145379,H.God
169708,AmzAmz
169678,BlametvSoon
129870,Sagun
169703,Tymonnnn
169687,Jingz
97842,ZfreeK
76437,Inflame
103281,Ran
104879,Женя
34625,Fun
109333,MJW
155451,Dr.Pusheen
161972,the1n3
162215,llMeowthll
162228,NoobsRus
162221,petermasters
162202,sparkysharky
162168,GKTA
162196,estroyernoob
154254,NekoMitsu
162174,Dashkadota
121830,Sjok
161725,Папич
154016,Fringe
136536,ShkeepeR
153977,Pet0n
105742,Sundelin
162524,Fjtt
162054,chainsito11
162025,googlyyy
162007,Leo
162071,xtrmst01
162042,pauldeleon
162083,Sh1zzy
162048,baihaki1
162036,JTaberrr
162120,Chaos
157965,liubanxian
78686,SryFox
162125,Xiu
157955,light
162130,Mons
76112,KyH
154998,Juice
74024,Lubby
42153,SunBhie
40037,Iwo
76111,supercell
119637,Weddingcrash
96141,xMusiCa
140031,papaxiong
122540,Ztok
117556,Zyzz
30653,waytosexy
116902,lpc
108971,Piao
139383,Shocolate
152060,wththd
137633, D01ce
153939,Kolemon
153955,PaRCouR
153967,Beaver
153980, quakeR
153990,eazer33
40054,QwisTa
35603,TPOH
154274,gypsydanger
140243,fROZEN
154248,anihalation
154309,MJW1234
154097,ahfu94
154268,inK
154261,Has_been
154279,jerster1
154315,Vegas16
154299,HateLove
154063,Tudi123
154128,Crimsonrose
154090,Soon
154009,tuuduu
103408,Jellopy
135157,GIGA
147513,Handsome
129294,Hssiss
132701,anbaaa
87990,ADTR
85266,Gudii
75605,PatSoul
122529,DDR
145375,QZ
130255,gnoji
130776,fusheng
130310,LongB
97696,Ben
129513,Biryu
144438,kai1883
110040,nemphy
144466,WoKo
144252,vlad
144444,alexkohre
144435,The_Arrow
144472,Attacker
101856,Gorec
33160,jackal
144415,PtRed
132746,RvPez
74700,The_apathy
121691,Cerinn
144467,stormc4tt
144900,Sonicqq
121794,happyinlove
144914,surviverr
144935,MartinW
144942,Matnyanoga
144958,StratusVL
132693,MSTRMND
34422,xtt
83599,bubu
138704,Darki
40738,zExBinGo
135156,pwN
39919,chad
132728,Slanderbrat
31261,miGGel
132717,JUSSIJ
121670,trinityboss
132762,Tale
132741,udinova
126687,MaGoma
132678,Sharfikstorm
132711,Legionq
36346,kabu
32997,Banana
30996,ZSMJ
113106,Bagaa
102359,ubah
129309,artfactory
104935,Primo
75085,Crio_j
129380,Limex
129390,Magnus
129302,BEASTROXY
33233,ArisE
31094,Mu
37501,JoHnNy
76169,sasu
87083,Chains
96938,Padrinho
30639,Fogged
110938,ReaLaxXx
31273,Sharfik
35176,DDX-
113084,Kakashidota2
68494,Neqroman
113116,ylh3344521
113104,Grevert
110948,SKANKS224
122793,barashik
30689,Korok
39923,Inphinity
105933,Shiibbyy
117158,sleisel
122517,飘杰
30962,YYF
40052,state21
121805,Pikachu331
121690,Laukyo
31303,Eresloco
73379,h w a
30940,Zhou
40036,miHawk
40043,CHOMY
97744,Levi-
115426,Ryuzaw
73495,Ysaera
35376,JNY
116496,─H E I N R I C H ─
35180,Zurdo
23789,Smile
37204,Limb0
31276,Nexus
30990,Ice
97050,Shredder
43597,cjz
100285,MelodyLovers
113665,dengdu
31165,aabBAA
34213,FzFz
85275,My-Miku
33109,Hanci
82451,Buktop
105076,PcCold
101523,vaxa
35186,MIL
105869,YsimIVivi
97709,Fazelsmurf
30984,r1sk
76450,YJ
86834,kaleka
73659,n0fear
32130,Newb1k
40051,yamaha
40041,Judo
96796,madzz
32880,Maglev Gank Train
96792,Inmate
73960,USH
73976,Fly
30933,DD
97016,Nur1k
97035,On1x7
97156,electroduck
97022,aZaZieL
97074,gottaloveya
96923,111
96941,wnz
32331,Watafaka
97007,LoLQoP
97028,Shock Syndicate
31107,Sharky
73702,xiangzai
97812, Bayabas
97710,zRED-mightywind
97699,AwakeToy
40039,SmAsH
98897,Fany-Pixi-
75621,naerok
73639,Klotz
97777, CHEWWWWWWWWWW
97802,amz.
31268,Unicornxoxo
30498,paS-
68759,Dreamyu
73965,SiDeRal
83507,THEneNo-
73322,Cak3z
73381,nihis
43601,MTSTY
31175,Tnk
74023,P!/Hana
69256,Eosin
74013,kimo
74002,RitteR
73967,ZndeRsteel
85901,ChickenMC
43658,Pandaego
85142,Whatever
73966,ZerokunN
73623,Mistico
73321,RyuUboruZ
73631,FanofSonyeon
73608,exiled
37276,INKVIZITOR
40042,obiwanbanan
31735,STALIANER
37191,Reeves
73640,420
75617,dota.thetoo
73306,Neorespect
75611,Nheidara
37258,BanHwa
75848,zcd
43559,xiaohong
43087,ninjaboogie-do-not-use
40502,Boolk
23762,KSi
31312,strangby
43542,SEV
42170,Tenbird
30406,bdiz
31307,Noez
10016921,conjure
10010421,runawaY
10008753,Sebas
10016938,Augy
10016835,Chechigga
10016718,chempik
10016683,Broski
10016681,judah
10015835,自学家
10015301,Angel
10015304,yourdemonsname
10014671,Жора
10009661,Humanity
10008880,method
10011947,baseballdogs
227598,Deaths
10008550,YONA
10011664,LokSee
10009601,Mel
10008733,Deyouth
10010931,Remedy
121702,SuperRudy
10011061,Loke
10010935,Grandpa
10011004,shabdol
10010999,Ak
10010079,GaN-
10010744,hajihaji
10006219,Babitich
10008554,jesv
10008794,BNC
10000893,Hyko
219910,SOhY
10006894,should
10009236,paradise'
10009307,HerOoO
10007208,Theyna
10006271,5up
10008421,Antares
10002019,meLes
10002433,symetricaL
231433,Kokz
220604,Mo13ei
10006891,Lagoona
73968,Angel
10005331,Hyde
10007912,Hao
10007203,Prince
10004276,last
10002896,X1aOyU
10007846,dush_es
10007789,bucuo god
96143,Roddgeee
10007491,Bubble boy
10001150,depressive kid
10007190,桃
189560,Zero
10007043,NeutronStar
10003027,Mio
30832,Sockshka
10006482,bigl
10006475,Cheshir
10006491,Jagmesh
10006502,_SD
32287,b2ru
10006497,Petljura
189329,xsepower
23772,StrangeR
227744,Accell
10002235,Rappy
10006571,Fame
10006576,no logic
10006567,XHX
10006566,ShengSi
10004886,Smony
10006412,wasd
10002728,CTOMAHEH1
10006212,StarGazer
181353,Bobruha
10006215,Mel m
10006260,zcy
10001617,Balzu
10006300,qmD
10006059,Badboy
10004694,YuNnnnnN
10005757,swag-
10004794,FoL
10006231,Symmetrical
10006233,Ðrakel
10006077,sea
10000464,Karl
10005794,xd
10005764,kingdom
10005768,MadeLine
10005770,viper`
10001558,Damaroo
10005144,чикиряу
10005729,Годзилла
10005734,Susail
10005620,Apophis
169163,Lao A
201764,Grace
10005384,sad_tomat
205134,Zyd
10004713,fantasy-
183719,XCJ
219923,BliNcc
10004793,Nado
10004698,183378746
10004707,桉沐希
10000368,Wizard
183028,jk
227772,Hajadlo
10004225,Liminality
10004220,Amazons
10000239,Oli
10004280,Ss
10004279,970029279
208984,sorry_dota
10001635,pudge2001
125850,MaRiO
226364,Hmy-
10003688,Oc
10004198,Vladyslav
10004197,Slink
10004187,Icelement
10004201,Harf
10004188,Tickeling
121120,Crane333
10004190,BreakyCPK
10004194,Sam Galey
10004192,TrentPax
105506,PyrionFlax
10003546,WangLiang
10003452,sNiper
10002826,巴哈姆特
10003389,YIM
10002978,miu
10003543,EZ
10002823,Bib
231058,ionix
10003495,Valeska
10003685,Dazai
10003385,Shanks
156151,rayy
10003390,157054028
10002783,dilemma
10003451,stAr
157959,kaidou
10003382,b1ng
10002819,Iroha
10002756,332848188
161963, Crazybike
10003360,Its
10002523,xanny
132723,Silvos
10003336,theardo
156168,DogBrain
10002585,calvin
10002804,Jesus
10002749,tch
196425,Kirito
10001664,excess
212131,Patos
10000352,spacy
10002431,Blacki
229640,Moonbeam_1
140242,LokarN
214599,emp
10002425,aaaaa
214600,dot.
10000065,stfuasd
10002282,onemore
10002195,Hector
10002426,Envuy
10000322,cutcutcut
10002021,Hellshock
10001978,Jason
10001745,Omegac
10001752,Xrx
74704,PSM
10001742,4ebg
10001755,NeymaR JR
10001673,HRCN
211196,Smile.fcs
224054,Dharma
205929,Dimitryk
230615,Finn
10001411,gurin
205417,LionaX
10001022,Gucci Gang Gucci Gang
10000069,YJes-
234253,Kira
96520,Kai
10000341,hwa
82488,Heen
10000709,meow
152066,Novex
204468,Tzy
10000535,autumn
169720,Valquiria
10000259,Eros
10000334,KOM
144906,godness
37206,Legion-
147525,Monza
230277,Papkins
204928,yaNG
74592,Aoharide
206069,ZndeRlz
130962,Dulce
136538,WWieWambo
161855,Electric
105918,lizZard
155453,DifferentHeaven
77163,Crowley
229189,TMT
234254,CorGi
10000076,udav
183008,折纸折纸
157970,垃圾君
229942,Whiskey 
234886,Hunter
10000077,henry
213721,Gohan
169596,TheEixn
10000047,Funsterrrrr
10000054,illusion
10000060,Flu
233487,LezzQQ
179356,Doni
233049,goking
205104,绵绵
234975,italy
234983,Slippie
219920,Blohm12
234960,Aliter
133842,Panda
161563,Ariunbolor
235596,WhiteBeard
180527,Chappie
75083,Joraal
129767,Asuna
154031,baraban
153995,rime
129310,Ascendancy
149714,mlwhisper
180544,Hilarious
223292,Babaganoush
219978,Romjk3
232059,NAdota
230818,Adamsson
230815,VodkaDancer
202065,Vlaicuu
216539,Bor@nija
228271,Tor_2000
227596,CloseR
154106,Retribution
227606,Kaneki
227559,ruN1n
230268,Scorp
231997,cuoselor
232056,TimmerDota
73611,SMURF
231164,sdqmid
219867,baratka1
153952,Keemerah
231133,Merseysideee
219875,Modestov
230281,SmileAn95
231226,boxibabe
231233,Tulex
231207,Sh1zzy
231179,luigiojaless
231186,raymond
231197,deejaydota
220051,Yahfz
230260,Memetz0r
129763,Bufni
152075,NotAHax
229635,aptu3ubatya
229650,1MaTa
229660,Piachi
144951,blackvova
220638,goodwinzor
221908,Ryujin
188005,giX
227504,orion
219761,Beebie33
226367,2D
226363,StephenCurry.UA
204631,AltaOda
223097,Cartman
36279,CaspeRRR
205085,frostmourne
223409,Formless
223388,Wolf
223421,Chony
223433,Greed
223404,Gatsu
223425,Nitro
219992,FormlessHoN
129765,kikoni
222359,ayy
137635,NapaleoshQa
217281,dotamasta
217496,Allison
164246,dolem
169731,Sumic
170073,RoMaLL1Ka
204944,BigPearss
205908,MeoOow_
111187,stratus
204951,L1nk
208971,Reviva1
208974,QWERT-HUNTER
209026,aha
208999,6ys9
209003,rN.
208962,Caifain
208993,Kujha
208988,spr
208967,El Creator
209020,crazyбурят
171656,Swifty
204647,NT-
209394,UltraHS^Baraban
200804,S A D B O Y
188554,wL-
197114,Crimson
209536,River
201782,Whatthe 
143827,zx
130782,Hitagi
111185,ivy
201780,Duiqu 
200806,SeeL
129872,Doctor
181150,kaka
202067,DuyQuang
198486,FireFly
115428,Tralfamadore
73376,rNt
171894,Buch
82450,grizine
194668,..
183630,Vanishi
183614,Tone
130780,小郭嘉
153607,Lanaro
157977,Adong
155858,yxb
155553,NoNo
154467,Pingvincek
78435,Baga
190527,rizz
82014,balla
172351,XQuZe
177782,Kefka
137636, B11zzy
183456,Drug
169166,qianqian
105722,KKzOr
40048,CA
179912, tj
179931,1step
169154,佞臣
31015,xFreedom
180542,Insane
180530,Xevious
180538,zeropower
132702,nickaril
129821,Mawi
156661,nj
177785,ZeDDisbug
156198,BNG
96808,M4lem
131126,iLL
75093,Keyano
132756,Negna
157957,s1x
171652,Rgee
160362,ZacKy 
130960,Let Me Go
96937,Zenigata
147052,mG
157975,Meng
135682,Red
153941,Monti
157953,71.NnKnight
157954,Shenmi
157962,约炮
153635,Ho_OK
77182,SLiCKz
130788,Nightmare
129751,Clairvoyance
87989,Kecik Imba
77200,Nokky
83508,Winou
103013,BYB
126528,Nocik
97100,Sh4dowehhh
161315,Arianaa
161307,iCarryDeath
150368,catcatcat
157964,yui
156673,Azrael
31032,KingJ
156203,WinterGSmallSon
157164,mool
156691,KO
143852,Ayuan
120728,Fly-zx0212
119662,NORT
153624,Jubileu
131135,At The Speed of Life
97813,xLucky
103088,EDE
137314,Nort
149911,Nipsu
131120,BananSlamJama
76113,Ivz
121209,Pure Evil!
118360,Amomentforever
131129,Patrão
121676,barash
116405,Masakary
101843,vaalix
139699,confessor
35385,MtR
103075,Hana
130781,1777
34772,Air
69251,Blitz
96935,Haki
113108,LelouchVi
130786,Getovas
74017,Foxx
101516,Mynuts
68712,FAN
73382,Amoment-
115826,Baton
73533,CaptainLove
66857,Exist
103406,Panda&amp;amp;amp;amp;amp;amp;amp;amp;amp;lt;3
142826,tamemywild
111165,Kukushka389
97057,MirsPirs
111151,Track
34775,XDD
30534,Vigoss
105728,Davy Jones
105724,Okke-Virtahepo
105740,teLLem
105746,Zizzou
96805,Sene4ka
105706,iNsaNe
105748,NOTION
105718,Rain
105712,SMY
97051,Sunken
87988,Snow
105085,kPhoenix
69249,Corey
31178,r5r5
69253,Purge
100286,piaojie
103685,xPei
37232,JotM
100303,JoTan.Badburn.Ice
101532,afff
100149,Squeei
83723,Zy.cn
32861,Frigoleet
96153,megaplay
96163,4885
96159,f(x)
96151,ProdoaK
96148,riceflower
97171,Bogs
76452,RS.5400
100283,Iwy-mgjsgsb
100276,la2la
33240,Zizou
32870,Floxplox
31460,AndyLendi
32335,eQual
83721,My
67549,Stress
31236,Ewe
73992,Misa
73302,X.
73698,hanwem
30987,XoYnoZnU
75844,tb
31082,Funzii
75087,Jk.Fàut ₪
33260,Mini
31411,BlueberryNinja
40106,boomski
43562,Seven
36352,Sag
37199,BladeWarrior
40522,Enlight
67545,Aidash
41890,smulgullig
34966,Lapiz
31020,LongDD
10016881,mika
10015052,Tieru
10016334,Zagat
10016223,R3.mem8er
10014777,Mapkyc
10009712,fade away
10014148,sorrow
10015709,hatecry##
10011745,Frozen
10015719,MOTYA33
10015729,bumplyng
10015714,abs
10015704,Diemao
10015416,Krookie
10015389,foxi
10014558,GoRW
10015441,CyberPuMbA
10015431,durkapunk
10015426,Schmetterling
10003474,Stormlike-
10015451,Kos
10015402,T3k
10006771,PilotBaker
10014730,allmuted
10014883,(У)божество
10014878,вовка abuser
10014914,czr
10014873,AZZA THE F.
10011765,NyaxyS
10014772,donov
10012432,be_LIE_ver
10014189,Savitar
10011017,Lu_ris
10014157,Arbolito
10014172,Senpai
10014175,yukine
10010932,Soup
10011019,Abhi-
10014185,Evil_W1sp
10008997,murasamegod
10014150,СУСЛИК2010
10014146,Psycho
10012761,Kiseki
10013801,PAATU
10013640,lxywhatt
10013614,Sadovnik
223094,stray228
10010193,GoodWin
10011777,Cake
10006780,Zloba
10011796,SPORTIK
10010198,Sulen
10011748,Tentat1ve
10011731,Аня баковкина
10009698,worstsup
10009688,8laze8abe
10011753,wsx
10011736,god lim1t
190528,XemistrY
10009190,LonelyChucky
10010865,luvv
10010848,NVSSD
10010857,spiller
10008903,PuAntVa
10010852,Nord
10003958,spirit
10010907,kr9
10009827,demure1337
10010564,Just Error
10000625,SpeedMan
10009678,tory
10009683,Arima Kishou
10009708,Пианист
10009693,xdpx. ne v forme
10009062,火车侠
10002895,Ponyo
10008878,onleeking
10008873,Stabsen
10006411,2b_klas
10008908,RAINBOW
10008883,Куфия
10008888,acidsun
10008893,HuKuToC
228272,Nevermine
10007831,Wasabi
10007832,Cerberus
10003699,BobAu
10007826,Portgas
10007776,sorrow-
204702, -Akashi
10007490,NEVERDIE
10007498,lilskrip
10006800,Profaker
10006514,Benito
10006784,Kozak
23745,ho8ot
10006481,Venskorp
23756,FUki
10006812,frajaaa
10006761,Olivo4ka
10006819,Om
37407,Мария Гунина
216881,Gilgir
231280,IgnitableS
10006421,Lucky
10004831,EmptY
10005619,Raxus
208983,Madoka Kaname
10005471,Deska
182342,Saneking
10003951,BORISBRITVA
10006241,AtlanTiS
10005629,涵冰飘雪
10005814,alone
10004797,867241676
10004718,madeca
205127,Flecher
10004729,ZWJ
10004076,Spaceman
10004230,Visery
10002758,Nemesis
10003406,snqz
10000572,Sensibility
10002779,Floss
10002822,毛球
10002828,嘿嘿
161966,Abash
10002734,Zhenya
10002732,trip
10002729,em
10002727,Majesty
234965,Asmodium
205729,JackalBG
10002435,xo
10002169,rsj
234985,bpnp
190771,Crystalize
35156,JyC
191752,sick
186018,Nexious
186016,QQ
156123,HEINRICH
156492,EDEN
144407,S1D
37211,MIBTHEBEST
73383,reelo
30626,Werne
35228,KS
74690,Maomi
96889,Аfoninje
82452,Cedica
30642,Link
91442, Kyt
86835,KILIK
37208,Unnstable
87635,Enigma
40033,karake
77162,ProPhecy
77171,Lavida
73653,Sh4dow
74591,lalluby
73662,Sp2k3r
76119,CeLa_-
30455,Alex
74681,Hroso
76100,Fire
73375,LJ.XXXV
10017149,xxxxx
10017157,moet
10017153,dodster
10017130,Ch4mb3r
10010430,Yuki
10017135,Aiastes
10017075,Eones
10017072,Aomine Daiki
10016995,apocalypse
10016992,vovavist
10017022,InWalker
10017017,Nakamura04
10017004,deathlike
10017000,gamadama
10008226,Valky
10000468,Rise
10016696,LePking226
10016701,Mikoto
10016691,Disaster
10016678,DDDD
10016662,kuin
10016675,Charles
10016623,RUSKY
10016630,bondage-
10014538,Mirage
10016616,Sora1024
10016617,lancelorde
231564,stephenswe
10016571,zxcumpudge
10010455,hina
10016589,kanmuru_
10016022,veter2003
10004229,TraVins
10014188,Mani
10016565,Majidshahrok
10016554,WenNoI
10001581,Mizuki
10016044,el tacneño de oro
10016002,BlackPandaa
10016025,dejump
10013514,Szajtek
10016015,notpapichulo
10015098,death52
10015981,Beru
10015963,Whitejke
10015958,ZamnHS
10015953,traumafactory
10015939,Roxan1hor3
10015934,MhdUrsA
10015943,HMisky
10015928,Murei
10015916,k1v0
10015924,ritchi666
10010732,Dang3r
10016139,Genuinegolem
205936,ecstasyD
10016111,3xceptional
10015568,ehzee7
10016083,zlatan
10016054,X
10016058,-Katsuro_52
10009805,Mone-
10016062,Sequinox
10015572,NovaXXXX2
10015593,ashabtamaev
10015579,DLMM
10015549,Jethzkie20
10015569,SilverWhispe
10015292,Futility1
10012776,Ren
10012488,Arcos
10015314,thirteeeenth
10015308,enji
10011564,KaChaloFSK
10015284,Yanuzy
10015288,hajjiprushka
10015285,Flade
179350,NeverAgain
10015156,yuuukich
10015115,Manki
10015079,henke
10005356,Logical
10013645,Shira-
232006,sNORPIE
10011875,TIen
10014988,meeyo21
10015014,kaya
10015030,HorseOfficia
10015043,renran
10015042,拼夕夕不是说我是最幸福的人吗
10015001,istarx
10014993,Wintergod666
169730,jgardick
10014954,Squezze332
121693,Stylezzzz
10014937,63573539
10010834,Groom
10014842,dibugoku
10014818,k-popsinger
10014825,_Q11
10014455,Heavyrainy1
10014239,Goobala
10014155,Balenci
10013980,col1s1um
10014651,blu
10014533,Yawar
10014644,Cosmo
10014653,Scheingorm
10014648,Valent1n
10012823,PERDAN4IK
10014629,Keratos
10014469,Fun_rzns
10014475,t0no_
10014622,Dranosh7
10014553,natedoto
10014522,Balboa
10014502,Five--
10014484,Pradez
10014527,MrBon3s
10012429,ingite_
10014445,LuckyLuke99
10014464,Ryvorii
10014024,yuhui22
10014001,Ivan
10014028,20procent
204762,J4M3S666
10014038,Gojo Satoru
10008990,Dobby
10014042,Yu
10013922,Zitreezy
10013833,Vilkas51
10013701,Feindaim
10012767,docdr
10013917,Slunkyteeto
10009055,v3ndetta
10013948,HuggleBunny
10013937,Mrcocacola21
10013962,Polyzloy
10013954,Margarethftb
10013908,dertykun
10013926,diff22
10014012,f
10010058,osito
10013899,yahiko
10011838,psychopatic_
10013817,Aria
10013837,Catbech
10013816,Maheswara
10013473,Destino
10011839,aTaPW
10013519,Alicial
10013464,shiokaze-
10013478,SseSian
10013467,Fargod
10013024,Frank
10012772,Karma
10012452,DNC
10012251,freakyfrizes
10009899,Stoic
10012895,林仔房东郭叔
10012855,按之
10012801,rei
10012791,gabino
10012751,QWE2.0
10012550,Witten
10012506,wew
10012538,msidemc11
10012536,rush of feelings
10006818,Petrovich
10012445,是啥
10012370,Cejay
10012437,SKiLL-Only
10009522,Hunter-
10012419,abo3youn
10012360,NorMel
10012348,seyb
10012197,Tamybaby
10012237,Shz
138053,Capitalist
10012232,Diman41g
10012194,Yujiro
10012226,saadim
10012006,chtora
10012018,ShaDoWles1s
10012022,Zenjiii1998
10011953,Oneshot
10011997,SkiLL
10012010,Darcblak
10011911,reaperx9
10011977,Fr0g303
10008856,Netikan
10011902,ALINABEZAGH
10011892,Asanjeles`
10011890,MadMaid
220980,RyuTheBest
10011840,Fatal1TY710
10011821,Nob1k
10011813,Saiko
10008386,JohnnuPro
10011621,lexa3777a
10011611,yae
10011597,dkakkerman
10011567,poyouiii
10011579,psjna
10011550,themenzz
217278,Steel
10010747,enjoyqua
10010539,DezoNyx
10010674,LOWLIFE
10009636,Panda-
10010731,Mel-
10010760,Ject
10010755,CarryEnDepresion
10010481,AD
10010477,Kej
10010468,Randy&F
10010031,Deku000
10010329,SaiYamaN
10010361,pkq
10010497,shtyle
10010492,SeNiD
10010385,ritsudx
10010407,sapphire33
229653,mrgvali
10006582,geO`ZziZi
10010509,d_confidimus
10010508,Lusikkas
10009848,Szabo666
10010062,doppelgangs
10010023,Paco
10009859,Kazmierczak
10010082,Steror
10010017,Yot
10008784,Sh
10010044,NGNL
10008559,Maestro
10010010,herain
10009926,isolution
10009817,hyakuichi
10009810,jorj
10010070,n1tsuga
10007182,sunset
10009184,RUDY THE GHOST
10005936,bgod
43441,TBD
10008858,DoubleCode
10007736,Migi
10008828,karmah
10009005,Ayone
10002246,ModEto
10008986,Midaishama
10006969,Merlin
10008980,Український натюрморт
10007140,kiu
10008967,la1tqqe
10007499,Monreal
10008517,Aribeonaty
10004992,curly
10004955,SkywardIV
10008562,abo3yon
10004446,Dunha1
179346,PosingAsMe 
10007919,miniorc00
10003936,Fantasmai
97816,shengg
10008233,Raijin
10008015,Kashin Koji
10008020,Zuzu
10002864,Koros
10008031,King
10007738,Demon
10003975,BlackSoul
10006088,Illidanmikasa
10007650,Speedy
10007369,Perfect-
10007115,Xry
10004070,Moon
10006955,UnknownBuren
10006860,ajieke345738
10002237,Mcy
10006693,a
10006692,遥远岁月的回忆
10000331,Jiumi
10002534,gekyume
10005996,Crystalis
10003386,Exx
10005658,bingzi
10005630,starlukkwan
10005649,Kakaroto
10001567,kickeeed
10005472,Crik1
10003326,DFlash
10002568,paco.
10002569,totodoto
10002369,Mirrreska
10005355,Xeriscape
10000530,fghh12
10005308,r2p
232061,b9
10004996,Marce
130974,Gambling
10004988,OhMyButcher
226371,Bun
10004984,Celestia
10004891,YBdotes
10004977,JesusPasha
10004842,AXLC
10004855,LeMonXy-
10004958,xRRL
10004953,nicejokes
10004943,Johnyfighter
10004963,isonic
10004653,Danohj
10004938,wispabuser
10004926,deggit
10004547,kagami_x
170025,BSe7en
10004914,Balzhed999
10004899,Navviq
10004906,hrsthrh
231955,olehuk
180891,Chibrik
10004885,KoziNako
229642,RaptureRERE
10004877,Rabbit_R
10004868,Luma
10004690,timet123
204943,Banlisted
188488,romacourage
181314,DimanBogIgri
10003974,spat
10003683,Kim Elizabeth
10004674,193851836
183617,SangSang
10004646,RichiparK
205014,aurawashere
10003318,Note123
10004633,FTheReaper
149140,Gordan
10004545,3 pisces
10004555,Dębowy
10004443,Jawny
10004441,DotaSouls2
10000556,H1j4ck
10004346,Ectorelfader
10000320,JL
10004425,fua hsien wan
10004409,thematrix2
10004400,NoName
220960,qwerja
10004391,Dray
10002832,k3k
10004331,550i
10004351,Lelaps
10004330,icookiegg
10004303,TitaniA
10004307,Piolz
10004300,xi yuan
10004339,Mubeen75
10002865,Leif_6
232018,knowyouself
10003569,Tesagr
10004297,save yourself
10003956,Tixist
10003933,Supreme-
231958,Nephrite
10003713,Vinz
10003764,SmOke
10003771,Zapheto
169963,yodaVN
10003681,xd
209001,watasink
10003572,yer
10003636,Bucuo
10003607,WDC
10003613,Yolac
10003621,tamandthree
10003645,sauroni
10003665,alexamix
10003601,AandAlolz
10003599,Zuni
10003583,FGFE
10003590,EscapeMe
10003578,Cookie
129391,Natan
10003320,p4jer0
10002396,Yajirobe
10003327,mudinho
231044,Moura 
10003307,hudhustla
10001541,chupollz
10002360,tanyongcheng
10003223,mokressying
73612,Kennie
170060,orbit8k
10003286,Lil_sorry
10003224,LzFy
162170,briink
10003036,hytechxD
10003040,Rolv
10003060,tacticles
231991,yourDNA
10003026,Keyp
130790,Jerry
10000672,watasink1
10002979,ppx
10002901,Tangy
220709,Crokyz
10002862,Severe
10002867,Jonas
10002833,Jukz
10002542,Endure
10002612,Silou
10002594,Scarlet
10002601,mambich
10002561,BaNaNaMaN
10002546,subject
219759,bakomo12
10002405,Jano
10002406,Maestro
10002412,Darkwen
10002389,SmarClicks
10002380,Dhanatos
10002218,kuminh
10001645,Ranpo
10002415,Xhd
10002373,FarmaTV
10002377,zLine
152068,str
10001624,soredemo
10002354,SeriPeri
169697,Feuru
10002290,惜缘
10002259,fxo
231568,Furican
10002222,See_J
10002227,evilspirit
10000058,Kunstgras
66964,Lucky
10001643,aNc1enT
10001552,varenikze
10001606,Ulick
205928,fulsing
10001594,RomarioAllah
10001601,Whigos
10001593,Sergo
154131,VitaminLight
10001578,johnny
10001571,Alone
121807,Arkhame
230810,CCTHC
10000846,Judicator
10000701,Van
31320,Fuga
231217,W1sh-
10000912,meeha
10000850,hardyFTH
231555,Banez
10000821,Life no color
194647,wolf
10000125,Junih
10000106,Baconcake
235547,Capitan.Pepper
235015,skimme
235018,Massera
235009,Milotix
233712,WoRDIkS
220640,Vangok
233315,5ALGoDao
233305,MAKEEVN
115662,Yaha
231035,Yaki
231041,dhuxu
232008,00000000111
232013,Delphinn
231933,Code
219897,57578110
204767,Desse
231963,Gramil
231979,ExPWN3D
219757,3o3o3o
204917,iagger
183288,brink
219327,Dragonheart
230713,idfc
231436,Bear
231726,adam2016
231735,CaSH
183771,Big_A
147505,Tipek
231554,valemachak
227722,Argeus
219324,ShEep716
74005,NFR
230703,eacute
230784,EbSo
229600,y00p
228643,metilgeksan
188019,kauee00
228706,uG_leyend
226051,Бот
178489,fishguy
220714,talsee
220702,BasterRisk
220693,pajpaa
205817,bw11
220706,fookh
74424,stonEd
221001,Enoch
188594,Kaffurtado
220995,R4alCS
205851,Kyleep
220906,RiceSeoul
220721,phevy
220655,nyancateezy
220645,Fewyman
220555,N0kiTheGreat
205372,iheyihey
204945,Disintegrate
219899,KYRRO
205021,2nerla
219968,james9661
204985,arthuriafsne
204994,AlienBanana
220069,tvss
220043,renato321
220090,nye31113
220080,windstride
220053,Panophobia1
219319,Sylvanas Windrunner
219884,BecauseOfMe
33169,wejustzik
219794,Cat_myrket
219783,Mr_Noob
219724,CAXAPKOCMOC
219706,EmoT1on01
219746,BBLOKI
169977,FroilanDoto
211669,itzmejulz
162162,Lonelymad
205351,johnnyjj2206
205386,gta258se
169962,TafiVN
169979,zergrush
205323,zhatchi
205304,DMTR-12
205927,43bureck
205907,BaoBao_D2
205684,sahsa33
205458,rany4ka
162321,i5kand3r
204997,RoosterMcgoo
106368,ToXiN
205840,WilleZ23
205857,Nirvana147
188490,GoMathias
196153,NoWeAreFree
205734,Snnow
131142,Fury
129818,McGraw
204970,Kir_king
132770,Pellikan
153962,sunnyhujanny
204946,jet17
204954,angeloverrr
204766,CP87
204737,ababagal
204712,Lylyne
204704,sinet943
205001,s3
204972,Jubes
149686,Hello Señorito
205249,navito
205227,cristianoGUD
204929,4gggg4
204691,keyseropena
196373,Xeno
196159,Karatehkid
169161,LuLu
161674,Isihan 
170013,Yunis
162050,Francoeur00
132951,pwN94
188739,Naircito
185209,Fawh
188498,ChosenOneThe
188004,KeziaQl
182129,emileik
182110,ChMonster
182852,Redbog
182862,DOGMA
182839,_romey
182830,NecroFillin
182807,fireixe
181323,Montano
181277,Meester
181364,Denisgame4
181377,mygreedygod
181291,Bighorn
181264,freekill
181219,Djnekmen
181232,JeffriBoss
179349,WeeZy
148845,xRag
164238,秋。
164243,A-
164245,Zzzzzzzzz
121795,cah9xddd
132758,Berethyr
144956,pywistik
170032,Zjk
132713,imosword
170039,Crash776
169569,VitunPerttu
169651,HariboH
169600,KKzOr_
169530,IGoGym
169581,crystalx1
169517,AdmBulldog
169485,aS7hma
169965,Dethhh
169945,KimaWhite
154010,deitara
169713,amphysvena
169696,hvnscream
162161,bigbuntheory
162210,Akutober
161993,(～￣▽￣)～
162188,teclapro22
162182,Lamperkat
162328,pingpantera
162312,WisemanYkT
161954,765611980868
161945,vaed777
144863,yateh
161853,AkaneSegawa
161846,CHLEN1488
101534,yO2
162030,scapillan
162013,vnn123
162077,Pandemic2
162065,zanaa13
155886,Sovereign
145383,Oheb
156706,Eu
66966,Sakura
153974,Mejor
153999,MarcoPolson
154319,zhizunbao
154285,5hiro
154292,milan_gaga
154134,jayveee22
154109,trumngu
154084,bendehboss
154075,Wagamarra
147524,Elendil
37201,Kapron
144449,Tommy
132718,burbom
144391,lolplzdiethx
144892,drover
144881,Haully
144874,EndiGO
96809,Mango_Banana
144861,llewela
122523,MK
132947,TommyConlon
132775,Atheistz
132733,_Flash
132685,shokaslol
132721,MbyNextTime
129817,teddy
73377,Daywalker
122795,Dale
129265,IceIceberg
113120,nikedbjc
121813,davidka720
121841,Nonsensee
121823,Napaaa
121835,voodoojunkie
121701, Po12345
98277,Dubas
32186,TubbyTheFat
96929,Lykus
97041,Fa1L
97067,Akio
72143,SCripted
87993,CyNiCaL-
73323,Imasheep-sux
43548,XiaoLv
10014174,Blues
10010816,int'j
10016922,EL_MATADOR
10013004,Renaissance999
10010986,ky
10011012,II-Nightmare
10010927,yomi
10009057,нищий
10010771,Abyss
10009002,voxyara1
10010536,pnd-
10009067,kaworu
10008348,weird fishes
10007854,Hardltitan
10007443,Ghost
10007420,Rigged
10007324,TingleK1ng
231173,LJSL
10006526,Андрей Татаринович
153403,aldikk
10000778,Jyo
221903,LUCIAGEIN
10000647,Kygo
10005797,Amon
10005365,zack
10005327,............
202961,Nexxaz
10004827,909770125
10004724,Ahilles
10004274,Kraven
10004411,908363011
10004462,культурист
10003992,莲生三十二
10002289,Rebma
10003101,yisa
10002782,酷
10003355,enjoy
10003356,Leks
10003346,call GOD
10002898,dot
10000345,qazer
153934,quietwoe
10001027,P2
227550,YXM
183619,Judy
10000541,reviewingllama
209025,x3m4u
10000231,DarKterry
10000071,Core Please
219326,luosi
180884,DancinDragon
214605,carrot
230942,Dissorder
234267,Blu3
227747,Mariarchi
198488,broxyyy
223368,dotamaster
227720,Chris.
182082,Potenzprotz
229989,NS-4RT
129297,ShapeYourMind
227587,sathan
232005,Vanuki
231986,HEHE
231959,DigidigiDa
231967,NoDyNLNS
130989,Chrysalid
232050,IceNine
231122,BeezyNova
231157,d4RT
231228,zekedoto
231237,dizzdizzdizz
205363,ViewKun
231172,204236677
169470,Linger
202959,Rky
229655,CHIK_CHERIK
229626,Hit_437
229639,Polyrytmi
229647,s2m
226358,A to the mk
209011,Lev1tan
204967,Vut9233
207985,Linkkk
207233,ProッBulka
207239,fanat
202107,Spoder
87644,Sm1Leyu
132771,IngmanLV
195604,revlofantasy
185033,JanOun
190460,GoL.NoX
111166,Oxaien
182344,-FeLT
182333,iHoly
144447,deadcell1337
180547,unbelievable
164239,神奈川
145381,MAD
144464,DroiD
157806,Vroksnak
156707,Cookie bear
75081,Windx
130985,EGA
130956,Ensoe
129759,vredesbyrd
130949,Aliadel
130942,Letz_R0sh
33285,Zippo
111159,Sereja
105754,Blood
75089,AKULA
103090,zver
100078,kirr
86827,bphk
80827,yi.cn
72791,Amaz1ng
73610,Saelan
73389,Zz
37220,Zonder
33112,8k
66962,Shera
33115,You
30357,Maelk
10015698,много свага
10015724,進歩のために努力する
10014735,mTrzks
10014887,BAIR JORDAN
10014900,DZL
10014910,try harder
10014151,golden
10010188,TpaBoMaH
10011739,seratanin de katranol
10011758,Nnis
10010562,LenaGol0vach
10009713,DorRayam
10009703,FeloyD
193186,Leaf
10003405,Defrel
166333,1010
10006292,Andy.B
10006267,Stounbank
10005622,Illias
10003542,Zone 6
10002650,stability
35210,Chibix33
171653,GoodBoy
102440,Mikasa
134870,WhitePipo
91358,Liberi
87638,Chelik
77199,BungsellRotee
77191,JuNn
73388,Denque
73372,Ly0n
37988,Azen
10008249,G.T.I
10013006,Difference
10017166,CooKK
10008287,Arkano
10017162,greyrat
10015327,Nyx
10014779,Rain
10017127,Lookingfordrugs
10008323,Lumpy
10009344,Nizam`
10008732,ruustle
10002364,MamangDaya
10016990,don`t wave
10015986,Eon
10013439,moomin
10008752,Wonder'boy
10012507,Leone Baby-
10016633,人无再少年
10015554,KnowLedgE
10016101,OPEXDoto
10010428,Benjimon
10016686,Kurisutina~
10016690,DigitaL
10012195,Osocle
10015557,luppa
10016659,：）
10016656,jnxoxoja
10007169,Ñengoflow KELOKE
10016637,Scard
10016672,Phoenix sing
10012368,Mr.Lens
10016626,Boskey
10011808,DigiDoto
10012845,Karaphael
10016582,Katoman
10012683,Ctc
10011005,MaTson
10013463,neMamyka
10016576,leniberepe
10016560,Nimol
10016601,keemmy
10016584,iq14
10015970,Jia
10014163,Senku
10016029,zxcsdfgsDFG
10016133,Pamper7-Q
10016116,c137rick
10016121,Ziyue Yang
10016129,修德罗姆弓
10006721,red2
10011573,replicateeq1
10016050,Promise-
228273,Masaros
10014994,xeats
10016030,spirtwagoon
10009640,Icetocrat
10016007,Basekrot
10016012,archangel00
10015995,Deimoche
10015992,hellq33
10015968,PARIS
10000700,Rayuur
10015913,toetetn
10008988,Ainz
10013844,kina
10015931,PhoenixSing
10006734,Mikael
10011556,Qui
10016079,senselesslyy
10015551,Magg!e
10015020,mmdzzz
10016092,__pain__1
10011886,Zet^
10016098,Wantony
10009520,Shushu
10016075,GodLike72
10015120,kyoto
10015648,Wherter
10015583,Пневмогантеля
10015589,SalarTI
10015651,Zerag-
10012019,aNewMe-
10015566,HowYouD01n
10010689,Zoom-ZigZag
10015562,M7
10010354,Mzerfire
10015006,Itchy
10015371,Desperately
10015362,//
10015148,Janusio
10011578,shushu10
10008339,Ash
10014481,MaJIoU17
10009483,Jeezy
10015279,玫瑰窃贼
10015152,destinik
10009278,alym
10015056,gettinghigh
10012003,Okami
10015162,DopaMine
10015188,DarkX
10013449,V
10013814,Suki
10015193,iPikachu
10015185,Amirhosein13
10013961,t3ns1on
10011812,Morozzzko
10012878,atmi
10009750,Ymo
10015134,yxmt
10014506,Beng_enjoyer
10010518,Small.Kk
10015111,赖床
10015119,yellow farmer
10015076,zakra
10002301,Overdosed
10015069,Ashk99
10015058,E***HIM
10009846,ValOdbka
10014190,hAzY
10015066,James-
10015060,steel-
10004892,Abomination
10008833,blessed kid
10014983,johnduyan
10015013,Kai
10015028,Ras AwSom
10014991,NOthinghhe
10014987,zkroy
205229,98672473
10014829,huangfei
10009932,Mercury
10011022,Fearless
10013974,Zesky-
10014945,33366699900
10014933,pudgyamich
10009831,G-T-I
10014806,dimastar122
10004887,pojilay
10014811,GrandUrahara
10011007,Heyman95
10014229,Kemps
10014234,Tacozor
10014233,Adastam
10014679,NapkinIII
10014537,Mahh3n
10014053,jebolna
10014637,tru3form
10014531,Cago_Palo
10014626,4159
10009955,rocent
10011610,Saadman01
10014474,aura
10012412,demona133
10011776,johnnupro
10009603,Sesson
10006866,ctc
10014479,34me
10014518,Radagon
10014495,RexWoW
10014462,laganinixd
10014451,Badder-
10014440,janrey1221
10013984,lajami27
10012549,J3r
10013992,dr_maniii
10014018,The_Guardian
10012247,Malice-
10014034,DeL1xs
10013991,sanityyy333
10013976,Maga_Kepler
10013986,AmirMaMBa
10013906,UnLucker
10013881,pepedrycho
10013944,iohosfihos
10011810,Inferno
10013914,banetop
220635,agametotus
10013934,what'sok
10012430,CANTBETOUCHED
10002750,Candyloon
10013872,miLAD
10013822,rbtr99
10012246,Cold
10012140,LenS
10008695,Turtle
10013525,whxami
10012782,Ski
10013441,APEX_GLORY
10009832,realmrluck
10013456,KIDFYI
10013435,Yzy
10010414,77
10013040,yayo
231596,Allyson
10009326,weatherbeaten
10002831,dzy
10013035,Shin
10013361,bbz
10013044,Muertocito
10003940,GeorgEDUD
10013030,zakzi
10011644,Raviente-
10008037,Yellow Panda
10009316,neb
10007950,beralebaws
10010438,rohofireflu
10012203,V
10007810,eleven
10009752,Kordan
221002,Tala
10012904,cvoja
10008594,好好
10012900,ZY大人一秒
10012854,反正手就一直在抖
10012890,PipanJO
10003629,lib
10012848,Vee
10012873,cicih
10012866,lure
10012863,FapChiK
162211,BreezyR
10011058,Shifu
10012833,Duck
10012836,cvetdota
10012813,Peyuco
10012807,talentless.
10012803,Unusuall
10008424,Skevich
10012750,dotaelite
10012769,TXD123
10009837,topita
10008900,UcH1hA
10012566,For
10012487,Kiter
10012570,noir
10007996,Kanoko
10012558,SVN
10012553,Flame
231165,pima123
10009188,Qui
10012544,Go Hae-Ri
10012525,AboveStrike
10012528,AYANOGOAT
10012516,istillyrhurt
10012520,k4mky
10009213,blessing
10012494,a1one
10012443,Nomad
10012450,Ferrero_o
10007189,Storm
10008771,Ri4man
10008204,ClouD
10010431,Tony
10009218,lost
10012398,爱你呦
10012409,MAX
10012366,Mhmdhm
10012346,abdallaputra
10012245,Meta4phor
10010439,Moozy
10012215,n0thing#
10011531,kiki
10010143,Snow-
10010920,Paradox
162213,Confusedkfin
10008819,Senseibas
10008579,Kachal
10011831,zanlai
10011871,heh
10011836,solid_g
10011834,SinHinati
10011828,baam09
10011818,Mervu5
10008863,V
10002996,forcestaffz
10008342,Rostovsky Rubick
10011575,Kempoo
10010476,Yur
10011613,RNZRNZRNZ
10011587,barkwarden
10011592,BAHEK281
10011546,Bulgaa_13
10008987,toshiyb
10011041,Iristina
10006941,xsilearn
10008209,Mark
10007790,foryou
10010686,Ayato
10010794,GoOd
10008581,Odyssey
10008398,high_shaggy
10010708,SMOKE AND DRIVE
10008824,JachiToKyo
10008381,一切都会发生但不会立即发生
10008770,hehexd
10010457,Mostdawgwanted
10009952,K-san
10010788,Glete
10010752,MightyMarcuz
10009780,Totoro
10009989,Yabby
10010474,Earl
10008234,skratta7
10010343,Toji
10009765,SuMc
10010664,Afterdark^^
10010715,Sia
10010767,M~KiNs
10010714,Ascendancy
10010024,Brocoli
10010325,AnTONy
10010726,Z1
10010424,Hans
10010721,$aiko
10008807,Soul
208991,Intense
188053,Ryu
10000698,Popo
10010076,Shouko
10010336,BREWMASTER2003
10010340,Mewtwo
10010463,Chiqui
10005345,Rhezi
10010420,Basico
10010348,Watermelon
10010401,yz
10010395,ceo
10003972,jed
10009973,Nappy
10003973,Raylalisa
10008976,01junior
10010503,LynX
10009221,Ga1k
10007649,spherka
10010369,Шизоид2
10009796,Indian
10010380,ckrup3r
97745,-Haki-
10007121,Neon
10009889,Rabish
10000315,zone-
10009835,Kemps
10008864,sheep
10009978,Mei
10009901,Glimmer
96166,KSH
10009771,Sômê[Ô]nê
10008208,Sakata Gintoki
10008213,zeX
10007737,Flakks
10009966,mandragora
10009958,InmortalClass
10009873,SELENE
10009877,Insane
153959,Damnedota
10009919,le bonhuer
10009799,themegod
10010051,Arctic
10010039,ZETizer
10008778,double blessed
10009992,akpire
10009997,l7ru
10010006,holopov1234
10009942,this game saved me
10009059,Lefitan
10009826,Katari_
10009814,Blanka
10009891,Maybe
10009784,Show
179360,Castaway
10009985,Gabb
10009914,Myut
195785,PunkPang
10009583,Akito
10007962,Ekken
10009561,Shiri
10009633,Lorkitez
10009527,Juice
10009642,Msh
10009609,Zavier
10005640,cherbs
10009600,D Sh Reya
10009572,Omdad
10009321,Noaahhh
10009313,Seriks
231558,rist0sr
10009325,Crygane
10004562,Sa0ri
10004629,Jacob
10009334,hot since 99
10009348,kounz
10009331,Roettereng
10003991,Sj
227510,Moonlight
10008660,nico
10008324,Revenant
10008692,Salacious Sea Lion 62
10008582,Napkin
10008816,Trapnest
10007201,Sueno
10005935,P1
10008189,LTH
10008845,Glock50
10008844,Senseibasa
10008847,1cefrost
10008830,Lala-troni
10009000,tik tak
10008994,WiseDoto
10008782,VilliaN
10009004,Untilted
10008963,Blue Dolphin
10008958,AntiFun666
10008361,Egor^
10008750,Ahyad
10000648,csj
10008721,LG
10004826,R.
10008658,Braxie
10008661,Sanctified
10005939,Giant
10008584,翩跹寥落
10008570,Fedos
10008657,pimpolho
10008656,yessi
10008394,TK
10008390,Drink
10008388,IGNIS
10008332,912665845
10008337,wp
10000704,Killa
10003055,SheeR
10008275,persistance
10008254,Joms
10008221,Rudy
10007318,Naturel
10008242,Cateen
10008197,fanofays
10008230,Rose
10008317,CHAAANNN
10008291,Trampoline-
10008367,Cloud323
10007795,Drakosha
10008350,羅生門
10008373,bookmeker
10008362,MyArt
10008353,FATJeM
10008039,mouzva
10008042,Dansk
10008005,Nsphere
10008036,Mawox
10002879,Tomler
10002025,WTS
10007986,DarkWay
10007992,zxcasd
231240,Ruvidota
10002859,Grasz
10007923,Petar
10007934,ioni
10007930,Jajkan
10007838,niwii
10004495,alone`
10007442,papatooty
10007039,Canus Vulpus
10007179,Lil Nick
10007159,NoaHGod-
197355,Boxi
10006709,discay
10007463,ooq
10006859,satesate
10004630,Miodesu
10003669,Neah666
10007176,P1
10007437,Rusy
10007416,Mhg
10005821,Fraser
10006087,arteezysbastark
10007449,ZYPRESSEN
10007452,loundr**
10007191,Shanks
10007154,exact1y
10005646,Near
10007076,quebe
10006939,Lym-
10006718,Aikster
10002518,Francouer
10007130,qmarx
10007135,Princee
10007114,kayh
10005987,lil sorry
10003341,Sahami
10006499,dramacat
10005810,sompi
10007102,MODE VAN
10007096,Mercader
10006909,kasane
10005819,SamSam
10000470,Poison
10006887,M4rV
10000675,fotos
10006711,X
10006716,LIES
10006728,xixix
10002263,Murdoc
10006723,little wang
10006691,忘樱
10006680,AC
10006686,大猪
183457,59
89776,FAILETZ
10006676,Exed
10006671,EwokRocks
10004833,Nukkumatti
10006433,falling
10006613,873500352
10006438,mm
10006301,reikiyu
10005993,nothing
226493,Lirik
10006098,Sabotaj~
10006094,New man
10005985,314jonn
10006007,Last Fall
10005666,onepumaman
220896,roma4keh
197430,axx
10005938,ploopy07
10005263,MG
10005669,bL
10005673,No.ob
10003387,Dong
10005638,BV AJJ
10005634,felisei
10001626,Destrice
10005350,Paradise
10004392,Lucky16
10005342,FeelinG
31323,Grentxd
10005370,PERRO MALO
10005312,Gy
10005358,Artsugi
10003704,Donaldduck
10000330,Yyh_
10002390,MahhxD
10003304,zoneched19
10004986,SeuCreyson
10004847,Azui
10004911,let it be
10004971,XachuPlov
10004857,tvfungi
10004849,whitewasher
10004840,Hykoz
10004947,Deanocide
220097,sladin
10004836,s1nccce
10004935,hy_PeX
10004314,Kroshik
10004286,Saty
10004916,ufiir
10004902,bailando93
10004497,Nevada
10004489,isachelA
10004686,Totti909
10004335,TheBearFaran
223436,Pika2
10004627,Rico
232060,dyun
232054,Abdur
10000629,ReggazaDota
10004309,Nithan
10004679,Liogic
10004631,GOD__Z
10004650,ARS
10004643,B.
10004447,IxcentriX
220723,Qoshjvaa
156192,neysidney
10004568,Hot Very Guy
179936,Kirinboss
10004565,MoNsT3R
10004559,Moist
10004540,Taha Kecin
10004549,znebar
10003308,Hy
10004434,月酱
10003939,Achilles9
205911,plovplovplov
10004435,28014680
10004318,lxcentriX
10000367,leyuan
10004413,66
10002268,44bob
10004423,yeong shi jie
10004406,danonoobsplz
205228,Pelucapw
144950,evanescent
10000112,Rocco
10001639,8329583
10002220,kurtnhanh
10002362,Saidromi
10002603,Avatar
10004343,kazyo
205076,Dulcemania
205214,CzArms
10002752,Huppey
103688,Grimto
10004333,SSoNNiCC
10004325,Addy
10002767,Aloha
10002427,Norfl
10004049,jPaco
10003998,Frank
169954,evilash
10004073,Parasyte
10003970,waffles
10003961,fellowship
10003952,41nkrad
10002238,Luciano
10003968,worldrage
10003971,RyanRee
10003966,Yoshi
10003960,ltx
134690,orb1t
10003946,Mirokusha
227780,Vipu
10002251,wDzZ
10002350,crixalisbruh
10003719,raf
10003758,ZeUs
10003766,sfdoom
10003675,wodota_tong
10002599,janmsoul
10002533,Scenery
10003698,Sadderdaze
10003702,Tet
10002266,Rapoza
10003649,ReiTard
10000485,Turbo
10003626,SpecialOne
10003603,sammyy
10003654,Lucifer
10003659,Larsb0t
10003600,anacletus
10003595,Goten
10003570,xcvrus
220614,greenoy
10003104,time2dienoob
10002567,MySelf
10003303,xiaoyu154
10003306,anare
204991,binx_dota_
220722,2blew
10003137,L
10001547,DooM1k
10002995,VioletDota
220908,HeadBustEm
10003047,Positive Mental Attitude
10002401,BlameSociable
10003051,aquaboy
182097,Lexam
188587,Funster
205191,vivioks
10003006,pink
10002873,Moistblade
10002998,Ergon18
229648,Dyncan
220662,dieinfire
10001545,Green
10000127,Iacek
10002870,marner
10000522,Akim
10002583,Varen
10002586,Matino
188546,Vlaicu-Aurel
196108,Hy
10002635,107158656
10002636,MoonL1ghtBo1
10002605,Babybkid
215191,Thephiboy
10002297,Lada
205245,Kronos
10000540,Bill
10002281,Bobofet
10002395,elputobenny
10002402,MindGate
10002399,Demo
10002386,ItoKA
220663,qqazer
10002421,雪融
10002357,weiwei
10002293,ruoruo
10002287,自分が嫌い
231141,chambi
230705,jamescarl
10002256,hqxzr
10002275,GrJc
205730,emil_dobrev
220623,Bullzolo
227562,Ronn
10001735,Barry
10000555,jjz
205006,Cg
10001572,$k3tch
10000702,Chrisanity
223367,Noblewingz
10000570,ajesetave
10001615,Mirrko
231594,Skairyo
10001638,somedayill
229645,bogdawadjan4
10001623,AcelamonsteR
10001584,uno
10001551,TheDarkrai
10001564,CoolVlad
10000699,Ji
10001095,DenS
10001093,FieldM
10000314,Beast
10001099,Casualist
231006,Dark2
10000635,fresute
211756,shikafu
235549,kievspirit
10000724,Neocrono45
10000823,davy
205818,artofjee
10000059,LODERdavy
10000717,Harjatan
229217,SaintDeLucaz
10000631,gabrielsoda
121832,Emperor606
230545,DaZeN
231281,RunOrDie
10000649,pkt
187992,peaceofmind
219997,Pikados
188007,DarkMen
10000685,Xcelent
169614,runrod
10000669,KingOfJuice
10000508,jandals
10000504,f0X
10000479,Brainac
10000487,FreDo
10000512,Pengu
10000500,ZHN
10000317,Sirc
231221,Haxxeren
10000108,Furi
10000110,hArleq
10000115,NRS
182079,derechte
235407,Gemuesedoener
235400,Sinnos
235526,77
182885,kyvalda
235535,Asya
235524,aplus
235006,jackart
233325,JanJou917
231715,luojunya
231941,cardigans
96806,MadenOn
231181,-Akashi
231056,eXtra^
231711,Hayoon
231721,122gamer
155423,Xy
231867,Alesund
231562,jebofakic
169550,DaRio-
169655,BALAZS_DOTA
231578,NAIDITE_LEHU
231585,A-Throws
219905,jokermylove4
130952,GianDK
220611,ilanlord
230708,ghtutlay
230782,madsup
230790,Ev1nt
214601,LongGGG
230132,zsimm
204949,puRpLeq
228661,mb_i
228655,Spec1al-One
228649,God.7272
228640,Dycannnnn
228702,CYAPOWER
220882,Craker-
205040,ywndota
220977,cotrina
205196,Bichito
220894,StreetlightDota
220918,ColeDota
204751,Boffy12
205915,farambaram
191719,smilingface
144895,Daysend
205913,Hi1arious
216260,RapturE
220619,BnB
211670,chrismaldo
219871,Gooze1
219880,Jafar1991
182088,HoviteY
219918,Tigristen
219975,Raytoran
219985,Ca$H
220020,Darkraider
220003,zachattack15
220026,chnjsszwzy
205013,Terpcasl
219996,Greed-
169156,Sober
169722,TastingoDoto
220086,JUMPJUMP
162198,m83richard
188597,DarwiNee
220064,SHERLOKO
219315,HUH
161930,Massacre17
219892,LittleDeath
170027,tirex_x
219753,JzCallmeS3n
219769,jinxiang
219774,krazyy7
196554,Layla
206067,16 añitos
205207,Mac
204937,Chibixx
204931,Bogsyyy
205360,xing_ts
156169,GusGus
180890,zallupa
169566,makemesuffeR
132682,MrSuperKarat
205437,SquallLeo
205873,ArcArsenal
205762,d47biryu
161982,BG62461591
205011,Chimpwood
205850,Ech010
158030,ar3a123
205731,chuen
204984,Noldi
205739,micasteezy
132747,Yebalito
161934,Habera
204772, Nixjke
204761,kasper666
196361,1lagg
204778, Ziend_dota
162166,SmittYyY
204979,yugi1337
205257,KingReef777
205202,nx_shyn
205219,AlevAlev
162049,lucyreyssent
204934,EweDota
204698,noknarak12
204913,sacrie00
196164,Aangell
196168,ko.mental
40984,MeW
179355,seeM
113663,lt
182698,zai`
188748,th99th99
81470,Charlie
169726,rryyuu
144878,nickaril123
166442,Gobas
188012,daiki0208
187999,OziL
185200,JZ
185188,watsonwater
169591,Chill-
105744,jOOOEY
184554,marcusgr24
184684,trebongs
184689,mangahaus
182126,Razsha
182116,IvzFTW
182095,Shinyy
182090,dodgy
182084,rumpelstlzchen
181145,cej
181139,GnAs
181132,Assisten
181125,kanye
182802,barabashka
182876,isamko
182825,sum
182859,GGrom
182870,Theanig
181361,baraban228
181371,Dogmevich
181337,MyMy_u3_KGD_Rus
181246,Wilord
181285,mialexsandr
181384,ush
181318,a15
181344,ShowMustGoOn
181331,Freakshow
181309,gammy
181272,Mrakobes
181299,Miduriiiiin
181227,Try_To_Stop_Me
181253,RAIN46
181240,OJRondi
179367,Yurinho
170044,PowerPpuff
170064,soodle
144448,765611980748
170051,DeDe21
169609,flylongonly
169624,FeyYe
170090,Avstampet
169549,NevaSayno
169554,FadiFlashi
169576,XilleVD
169739,atyemail
154122,SHRO_OMS
169971,angelo_s925
169953,CROWLeY666
154117,Kier09
169960,foxvn07
157057,Nicxh
169709,Tendo_Kisara
169680,llckaj
169704,krislouis99
169689,TEKCOR
161973,manzanathief
162216,lllJessielll
154276,Getjuiced
162203,lonelyboy1
162197,jjevi
154255,TGrit
162175,VEMQTEMSAMBA
144473,Badman
162514,yabyoo
162525,FappingNinja
162055,EiGNA
162026,miggeL.Z
162072,Qzz1
162043,walangtao69
162084,Pwrtheone
162037,jorikim
162121,Fair
156001,Lugia
162131,Curiosity
155857,Cold Bird
144461,Mr.Nerd
153949, Potenzprotz
153940,g0g1le
139022,robertg9
153956, deathra1n
153981,karloukr
153991,buklaoo
154249,PPD1999
154310,stan_king
154116,xmsrx29
154098,scunjj
154269,fear.hooti3
154262,Drake301
154280,bombx
154316,Alacrity24
154300,kaska7521
154065,wNutZ
154129,Dethhh
154091,binboong35
147498,FirFo
144968,qcc
130778,M31丶
130321,Li
144439,Castbound
87649,Infernal
144455,rNtt
144436,izanami
144416,YMM420
144954,tlucian3
144468,FORC3
144901,NewNeo
144915,loveofmb
144943,pulseOo
144959,kmsUFO
130957,Jeppins
113118,mercyplz
34352,twiSta
96797,VaLLiK
132696,LKorean
132679,ShkeepeR
132712,morphinew
129381,Scarecrovv
129306,GeneRaLua
129295,Kure
129288,FckngMad
116396,Ribo
122799,Gnoj
85267,Relic
122528,Sayaka
113662,le-guoguo
121806,tomashhhhhhh
64735,klif
121793, nickoril
74701,CyberNet
122064,dogf1ghts
98896,degenerate
35382,BoyZ
35183,Ektoplazm
82444,Apemother
113096,brickzs
43603,An
85274,Luffy
83726,Zrd
99955,Kun
97170,Jayjay
103404,Zeroji
108015,357
85902,Joik
106367,Sckarr
105870,MarsC
104055,rin.chara
87636,Zzshka
31401,quix
96793,bedbug
73961,Sna
99792,whatever
96873,Arbenlol
97017,STORMBOR
97036,f1esta74
97158,cPx.
97075,DeMeNt
96924,19-2000
96942,mc nihooya
97008,aldebaran
97029,cmoretz
99557,Xctn.RR
30973,shatan
97700,Bungsell-rottee
98898,BloodyNine
98206,F4L
43607,Merry
76107,Near
85141,Legendory
85272,Yi
34907,Jhoven
74006,Minerva
73632,LaStHiTMaGiC
75606,Classic
73304,Gu
75612,ddx-
37264,Hoonji
76436,Ruoli
43088,LSMURF
42151,DuRuM
23790,LighTofHeaveN
43543,Sky
42171,Gandhi
10010656,Wein
10016047,Sebs
10016939,TSN_ERROR
10010563,rostislav_999
10016877,Dirty
10014672,avice
223098,ybicanoooobov
10003067,Recrent
10016839,eternals
190458,Stariy bog
10016612,lunemor
10016206,purpleparad1se
10015906,Sixyooo
10011798,REIRA
10015353,Absolute
10014666,Gonya
10013022,皇家地位
10013005,KuBaJIDa
10011948,kaeru
227597,LEN
10011255,Bibibilii
10008553,Dominic
10010939,screaM^
10008045,Steffert
10010936,Fmk
10011000,PHI.DELOS SANTOS
10010991,limjjy2
10010688,sbneon~
10010809,Sompi666
10010458,IDQ
10008228,Fearlessla
10009304,keintseru
97164,Pickachu
10009150,Lifeline
10009149,dark`
10008382,klassnokruto
10008734,Sompi485
139701,Monster
10007915,GyGy
10007847,KixGirl
10006985,肯
10001023,Nevermine never mid
10006962,Lwt
10002766,Datbb
220900,Godzhand007
10006477,xz_lo9d
10006492,Rageday
10006503,Jira1yaRice
134964,ami
10006498,Lilwerewolf
10006545,30x48
10005517,JoyStiCK
10006509,Jamba
10006572,Agnes
10006577,SuicideSheep
10006568,No trace
10006564,七海 灯子
10002529,Hannah
10006408,)_UcH1hA_(
10006413,JustFear
10006407,Gudrilion
10006263,pos1
10003717,LoseYourself
10006261,Ola
10005643,GreedoT1
10005765,Stay
10005771,yyd
10005728,la flame
10005733,yel
10005670,17AÑITOZ
10005306,白马
220902,qiyuE
121671,Dodji
10004722,Humble
10004455,david666
10004224,CatFish
10003563,88
10002821,QAZ
10004277,ManYi
104517,vandersar
10004196,Cocofudge
10004186,Luminous
10004200,Sean
108288,Powder
123461,SuperJJ
10004193,Fireworks
10004191,Zyori
72764,TobiWan
214607,Dev1ce
10002827,1900
10002977,givenchy
10002303,deku
10003986,Katou Megumi
10003493,dyson
10003218,Godfather
10003684,FOOL MOON
10003383,Denkibran
10003381,Dao
10002824,Nirvana.
10002755,Veng
190526,cas158
10002803,Allison
10002748,krls
10002436,UeioUeio
124636,guoguo
10001746,Gao
10001751,Rina.
10000794,Shak
10001736,tokyo slark
10001738,Invalid
10001426,Rizen
152069,daNZiq
10001670,Unravel
10000307,71fever
10000277,FFs
230811,Kathigitis
232388,NoT
180548,Kaneki
10000559,ShinymF
10000546,Sash1Mi
231870,BinGo
10000536,Dryzark
10000335,心似晴空
231218,Molex
234269,cat3x
234268,katius
233170,cxz
223414,Babaganoush
223381,Villain
10000046,SametS777
10000064,caumnau
164247,sugar baby
66963,Topor
234961,Jin
185201,RoD
227918,Yoshi City
227718,Doctor MeofC
227778,rmape
180005,Nightmare
231743,overwatch777
233906,smurf00
230817, italyaNo
70529,iMba
212909,MagicaL
230650,Kemeerah
227607,Archmage
227593,Padling
231216,Chill
231998,VTT20
103648,Urbanishka
231134,B1ankkevich
231215,getrekts0n
231234,miskooo
231209,-T1TaN-
204938,benten1013
231187,ggl0927
153626,Lil_kin6
230284,hEmy
169571,Rexi
230278,morphling1
229636,Lexello
229651,V17O
229661,fokk1
220642,zxc321
227509,Angell
227505,Tomoyo
75295,WickedSick
223410,Fuzzysloth
223389,Coachella
223422,Nyvo FAN BOY
220989,Kei Tsukishima
223434,skaay7
223406,Enough
223426,Bichito
223290,Coachella
221902,ki
133808,Crawler
205251,n___n
32254,Zara
209017,RBSK
208981,812
208975,Detect1ve
209027,doubleS
103091,WIMM
209004,s1kv3l
208963,-7
208994,Fend1
208989,Geezerq
208968,Ra_2
209021,FeZ0R
209537,SweetLove
209538,wmn
201784,Mr.Jin 
202068,rty
202184,HolyByLibra
195610,imba
194645,remy
180713,04
189561,Ryu 
100280,ZeroPerfect
181802,WHPH
171659,Battosai
169601,Po12345
180889,LeapDD
157807,Sogaard 
171892,Virou
164248,大宝
171650,Firebird
121837,Fohu
157960,Damage
157118,@yxl
130314,Ares
169152,yyyyxb
163593,Ах.Мо
140244,Godlike
161316,deryck
161308,nikitachudak
152067,FakeGoD
157162,Kol
157976,fOcus.cn
147076,Kenneth
153622,Waitandbleed
121983,Dragonfist
97106,pasha_invoker
149913,Zircoy
131121,Lokarn
131146,Sava_Doom
131138,socks
131141,Kyh
131130,DarkOgre
139376,321
139700,Eleven
129761,Angelelmaspapi
113112,AlexNoriega
77185,dabeliuteef
111153,Soraaa
83724,ZYP
99462,Xiaozhi
87084,daFa-
105729,Omar
105725,Fragi
105741,Vibah
105707,Bnni
105749,Mehcrim
105719,Elliot
105713,Divi
105735,Storm[mN]
104054,123
100284,Rain 
101513,Fittske
101991,SHAGASAURUS
103686,Dhal-enialle
75846,JYU
97868,iwobeka
97844,Riser_
96157,Garral
96164,ace
96142,baNhwA
96160,wolmae
98230, cArn
96149,Sanbon
99558,AkosiPolo
100277,DANDANDAN
68761,Xiao2lei
80824,Liionly
74004,Gehenna
73993,Ares
73303,Vestius
73975,zhanzhanzhan
44665,thienlao
30651,Mirakel
10008769,UcH1hA
10012880,toffee
10016213,Malice
10014773,comatose
10016214,ESCAPE
10015710,wiwkey.yoshi
10015700,tr1kz
10015720,Капитан Рудгер
10015730,平庸的天赋
10015715,circassian demo
10015705,soul
10015417,Kayfarikpomasti
10015390,Melonyy
10015447,youyuyyyu
10015442,Zefo
10015432,wdd
10015427,Лестик
10015436,topa310~
10015452,40rT
10015404,БАРТИ КРАУЧ ДЖУНИОР
10015422,F00lz
10015364,MY DREAM IS LASER BEAM
10006480,Uspen
10014187,gudiny
10014884,Nikitoszovibustakov
10014879,AnArChiSt
10014915,sixtwo
10014874,Ryahajk
10014905,heavenly$eo
10014158,Prodigy
10014176,Punpun
10014181,howiechen
10014168,DreeZus
10014186,Tensh1
10014191,Nbnp
10013802,Tiktok1d
10013641,SAJH
10012673,Leviamur
10010189,Amor
10010117,Lukawa
218237,4ce
10011781,Tilted1nside
10011749,Друг лягушек
10011732,gryazniy_arsen
10011763,SATTAMARY
10011744,parad1se
10011754,Хзбм
10011737,monroe tears
10010933,CuCu
10010867,Platina Paris
10010849,dd7龙
10010858,upuzipu
10008904,lovely
10010853,Echoes
10010772,Astari
10010908,Oliver~
10010879,17thayaya
10009699,xxxdruzhban
10009679,zrs14
10009684,Glumer
10009709,k0pa-
10009694,Джагердук
10009689,Rehy
10009063,Jackie
10008879,krabsburgerjkee
10008874,Mraksunt
10008899,Fraud
10008909,droyd
10008884,Yok-
10008889,Руина
10008894,Yolovv
10008502,081
10007779,末路
10003619,QWE
169978,quikice07
10008368,BOObPOP
10006801,DIMA DAGON
10006785,Hazy Rain
10006779,Indoors
10006483,Samurai_Attacks
10006834,Mikinatsu
10006813,Adruzh
10006762,Ackerman
10006820,3a3a-_-xD
10006805,Chef P
10006265,qos
10006046,GrandBuriatia
10006242,粉刷匠
10005815,lol
10004796,146143934
10004717,cefzon
10004706,Magic777
10004728,Ted
10003494,vertigo
10000343,SametS
10003539,Grn
10003490,r1ng
10003345,AweWaxx
10002640,白伽
10002733,forst
10002731,NFC
10000237,Cor Kalom
10002726,Dark
10002780,Merlin
10002434,Stephen
10002213,Frame
10002171,Xan
230813,iLOVEOKAYGGWP 
10001747,Cold
10000579,Sola
130775,fusheng
174675,P-
31463,Massacre
169567,CA
171888,Courage
191753,Yato
186019,partymaker
152074,sone
111081,Yamaguchi
74702,Unstop
91443, MAW
73380,chipshajen
72071,SXOCXS
73994,Secret
77172,XLR8
73654,mne bezumno interesno
73663,Volt
74587,Xelestry
76120,gf-
44691,Sky
74683,craNich
76101,silver haze
37278,STompa
10017169,Faker2001
10017158,Left 4/DEAddd
10017154,OpexDotoo
10017131,NickWilde
10011998,Chaos_Nike
10017073,belief
10017049,mu
10017012,草莓大甜心
10017023,Linkensph
10016997,MeTeXaN
10017018,LegionDa
10017008,n1
10017005,сырок
10017001,666ghoulzxc
10016975,XW
10016641,aqua
10016697,Xiniu
10016702,stipe2121
10016692,RedRuby
10016663,dilly
10014534,Pj
10016618,Koreezmil
10016579,ZharpDota
10016572,MIR1CLE-
10016587,nt'j
10016593,surv1ch
10016562,Saint
10016566,arturartizy
10016555,Deanc
10016138,MarinoKi
10016125,33babe
10016045,Noah
10016001,progs
10016023,bequem
10016026,ArtMoon
10016004,Papież
10016016,skyrovania
10015975,lostintired
10015982,1llidan
10004488,Takeshi
10015959,Karasenko
10015954,holylight
10015935,AtAIman19
10015948,zak
10015944,BLN
10012422,13reath
10015917,nemezida
10015925,Scyllasonata
10015910,MOMOYSOBATHYTAM
10016108,Zorya
10014241,Science
10013996,LIZ4RDDOTA
10008195,Noblesse
10010382,Dormammu77
10003353,Meadow
10016057,D3n4ikM
10016072,agressor
10016063,Iloveyoucan
10015571,Shadowsss2
10015302,wolf messing
10015575,papich
10015214,gonnatakehappy
10015570,cold332
10015375,猫梨陪玩一把一千
10015369,sx
10015038,PurpleSky
10015313,ddd
10015280,Luckeer4
10015289,ChapShell
10015196,young_ghoul_
10015070,L4naya
10015157,22lpl22
10015080,Klubbingman
10015062,erik
10014960,FHMmm
10015053,Archip3lago
10013868,Frankensiek
10014997,Kaylubbbb
10015015,frostfire
10015031,Kuni
10015044,宫水三叶
10008393,白也
10015002,auroraa
10014008,Cfcf
10014961,Viviiana
10009935,Yksys
10014941,SemserrrR
10014938,NetStark
10014843,tr3bol-
10014838,_SHEOL_
10014819,ashenio
10014456,1324564
10005690,Andros
10014000,Pcyscho
10014646,Lujuria
10014654,Uncle Iroh
10014643,Kr@Ken_430
10014483,Jkzone
10014630,WOLOLO
10014470,-thorfi
10012363,Bl00dFallen
10014491,Dukun
10014623,AngeL666
10014554,Kenchang
10014523,madarto
10014503,Frulle-Bulle
10014486,Brightnessi
10014528,Kobra
10014446,miger442
10014465,lazberepe
10014443,Yolo
10008587,Bob
10014046,Mr_Achybones
10014029,casualpukich
10012357,666you
10014039,vasareadjr
10014043,Purpurbl4
10013981,RekieMa
10013918,ed_idk2
10013923,Gleswam
10013949,Dest1n_y7
10013938,BobrPrime
10013963,daciahv
10013956,Thomatto
10013909,Killuuuua
10013927,Oftrek11
10013890,Ahkilla
10013900,yugen
10013831,A1d4s
10013818,DevonAoki
10013847,MijaStyle
10013838,vasilishhka
10009922,zergcan
10013474,Not Me
10013504,Itto
10013517,APEXi
10013520,Joe Black
10013489,Emo/Dikey
10013483,-Rahances
10013453,Shat1k
10013479,DarK~H[o]rse
10013468,Swag
10013433,FuFuFier
10013025,Pulvi:)
10012896,小路的小鹿
10012882,Lacrus
10012856,邓世颖
10011845,Hikkari
10012752,Arsekvon
10012541,Софа Купер
10012532,Ethereal blade
10012490,pxnkq
10012478,Bambinych
10012371,Nappy
10012438,NateRiver-
10012433,RloveR
10007193,萧容鱼
10012361,pipollow
10012349,lilrhxxx
10012196,Panda
10012252,RobbyG
10012238,LeYt0Pr0
10012234,ZB_ARS
10009938,Renaisssance
10010334,Blue
10012007,mikaelo
10006084,BlackDrago
10012023,9amers
10011954,Stupid_cat
10012011,Invyct0
10011912,Darichin
10008227,Skadi
10011903,Feardays
10011893,Chain
10011876,Diamondz
10011841,n0thing78
205459,BlackAurum
10011645,kartoshechk1
10011622,Rebe1ll1
10011598,deadcandanc3
10011601,bumawka
10011568,howdyyy
10011572,elmegoway
10011580,Kekkless
10011551,dekooo999
10011040,Aeon
10010742,Supchanskii
10010675,EgoKid
10010684,tsukuyomi-
10010735,Duelist
10010482,Kobzm
171655,Yabish
10010330,Aratare
10010446,foundout
10010490,feeeest
10010498,morning-
10010493,macdudex
10008378,el B-
10010408,Rudyboy
10007991,exelof
10007993,RARRIH
10010510,Azazel---
10010063,Ziad
10009860,RiYuu
10010083,sph
10010018,Admiral Money
10010049,noTenshi-
10010045,epochy
10009803,inhumanity
10010011,ЗАКАНЧИВАЮ МАНЕВР!
10009927,gothboytilt
10009818,smartjke
10009811,logoType_
10009806,Daoko
10010071,TraMz-
10009553,El Bendito
10009587,Flameshock
10009171,evo.
10008867,西南财轻大学第一C
10008859,Mij
10008829,Damag
10009006,Occur
10008972,treneruemsya
10009010,Norflq
10001603,GoldenRage
10008981,VV_Jack0
10008968,Nicken
10008775,am
10008749,IDC
126405,一方通行
10008173,sheepsticked
10008223,A7ypical
10004544,Koun
10008231,rheaea
10008283,K13
10008377,beyondurminds
10008016,Thompson
10008021,Xelgon
10008027,sleolla
10008032,Sy
10007739,ShakaLord
10005684,LaJoya
10002754,Po
10002347,InsaNe
10001038,Snow
10006861,aKein
10006682,Bombi
10006459,Mpc
10005986,Dulashtr
10005264,old frog
10005659,ANNNO1cute
10004381,thelch
10004324,Nukkismatti
10005362,ZaTta
10005347,Never
10005335,hellromeo
10005354,Turtl3n3ck
153964,SUMARU-
10004995,Zirkoit
10004983,CrazyFrog
10004976,Burjua228
10004951,UltraGunner
10004942,treesaver
10004962,Fulback
10004959,pk0
10004869,Seri
10004925,WadeQQQ
10004919,Friderok
10004931,PVRIG2
10004924,adilb
10004913,itsgrave
10004921,hatefaceitrx
10004898,mercurialqqq
10004905,sendouu
10004895,boshyboshy
10004884,KatieMoore
10004876,mikkle
10004867,hardone337
10002367,DrBalanced
10004688,kiznaiver12
205365,Paandaa
10004673,Htet
10004403,Blizhe
219988,Dezerted
220015,ryanoob
231960,Duches
10004438,w0zZ-
10004554,Geloes
10004399,misukamoto
10004395,Axis
10004390,KimJongIl
10004378,GudGame
229638,xSEREGAx
10004350,Evil_Prevail
10004329,agodddd
10004321,TEOYAMQUI
10004306,Kuronikko
10004299,sao hua deKING
231733,AlienBanana
10004296,lei
10003977,iCe
10003979,noricck
10003575,beerserk
10003955,darken2012
10003942,Albinomorfar
10003712,szabat
10003687,Forrest
10003763,sahil
10003770,J0k3r
10003707,ShareChickenPlease
10003564,seyren
10003680,NingaProBro
10003640,septemer
129268,not4y0u
10003635,Virusss322
10003608,motherfucker
10003612,markyy
10003620,Shishigami
10003644,Rallphy
10003664,Lanayasz
10003584,King Kamek
10003589,Promise
10003319,Mikauxx
10003322,GabrielSant
10000565,malik
10002359,ahhua
10003222,mdgrv
167685,Gods
10003317,Davidwars
10000687,HYPERxSPEEED
191757,AitlenDog
10003225,nyeyms
10003035,B4N4N4M4N
10003039,Acke
10003059,corizmic
10002232,SixtyNineGoD
189007,frenzyleo
130944,KendoGod
10002881,bashy
10002861,inx4c
10002866,Janex
100150,Chobo
10002611,et
10002593,Rqm
10002562,Boca
10002547,skkip
40049,Sword Art
10000628,LokeLok
10002407,krbz
10002413,yukosenpe
10002381,Poncher
10002219,bananhduy
10002416,浩气长存
10002378,OxLoLiHohol
10002368,FeralMight
10002348,Doemon
10002260,Hella
231571,Fun_Kefal
10002223,jlord
10002228,Toei
230280,cor_kalom
227771,ImmortalFaith
10001642,tlepovn
10001634,RamonaDota
10001538,Ohyprox
10001553,BooMs1k
10001569,CA
10001607,hidie
10001599,SenseLess
10001595,ST4L
10001602,DrusA
10001592,322
10001574,EricMFTruong
10001579,Gaga
10001543,Sxvsatan
169700,Darkuther
10001562,Reason
10001113,Pa1n
10000911,Whygtheg
10000851,den4ik
229632,tema123321
231229,Districtt12
10000228,Massacre
10000119,Koalarose
10000124,Raveczek
10000245,JavierNS
10000105,Crysen
235016,Brodholm
235010,Brukatan
233713,WuQQuW
229633,WinT-
233322,EmptySpace1
233316,Antolllka16
231159,Sy-la-ble
231037,Vinim4g3
231042,fsociety
232014,Pokhlomkov
231934,Muzzylel
204769,Sliper0k
231964,Grizzly
231980,Wiseka
231949,s4ndNigga
231049,RoD
231727,LessQQ1
204941,kth
231569,-infi-
230775,BARBIE-Usagi
205389,joekpn12
230785,Mar1KK
219895,extrarlan
209018,Scorp
228644,D_E_N_Z_I_R_O
193998,Saga Return
228726,Palomex
228738,Remy6662
220715,KarlDan
220695,LeCrash
204940,crytopfr
220969,TeNSh1AoTSuk
220996,GPO26
220983,lature_1
205926,tabletkaNoob
220639,SimBioN
220656,qoWwWqa
220646,IIIap04ka
220557,Eybog
204930,Aaronlovesyo
170014,NOboz
219903,Shansi
184683,bart13t
219969,starsucks
220031,ForceFished
205852,kxzh
205775,WTW
220070,121554635
220044,LePulga
205230,xiato8
220081,irmaoURSO
220102,Renanhitzz
220054,KenjiDota
219320,PMA
219885,MyLoveIsMona
219795,NikittagaN
219784,BOTPgafds
219725,Boska123
219707,GmmFF
219747,dinhlegiang
205361,yfpgaming
219678,kruukruu
211692,```````````````
204969,amiely
205106,月
205353,Mefistodota
205387,nongpieak
205399,0Money0love
204935,aebengsplash
205324,kngc
205305,ammarajadah
182350,DJUCHI
205918,-_Cridoz_-
205932,FinTheRusya
205686,FFraan
205884,AvuKamu
204998,Trywa
204986,zeTurk_
205023,K_W_F
205841,Emmetti
205858,Raijin_Th
205741,kai151
205732,163-
205735,Stealbe
147526,zoolus
204955,KeYpa
204750,surfari
204738,CorwinLogrus
204713,Nimponimp
204705,dizixx
205002,Evadin
204995,CharybdisATD
204973,Korokodile
205250,RuSi-
183721,Just-
169714,IHTG
204692,Riannabells
196374,Proggy.ed
196160,theveryfamousar3a1234
188740,geraldblack
188595,H1j4ck_
188499,ahty
182130,racerbil1
182122,probusk
182111,CeCr
181149,fivedota
182853,lopikala
182863,leocouk
182840,XIV
182831,Fallen
182808,Pierre.
181324,Maccus
181365,BrickTailRise
181378,Jocoko
181292,Damzes
181265,wmel
181220,morzzzzz
181233,MeanRat
144446,W34p0nX
170033,dayafter
170058,Rezalior
170040,Prince_xDD
169541,kORRENdota
169653,becarefool
169638,misha123
169561,wboy
169531,Welpz
169583,TimurTokyWan
169518,pauchok
169486,Waran
169966,Lubs
169946,reserveoh
154011,AreSmN
169981,Lunatic07
161994,zeldita
162329,rudakop6
162322,Mitalove
162313,AiresY
161955,IGOS
161946,ersyo
131128,zynxis
161854,StoLaP
161847,fool
101535,dva
162031,roninjames
162014,gwyangmi
162078,deathtyrant
162066,txcr478
162061,Kelthuzardd
156007,ambitious
153943,CA
153975,Shura
154000,Lameri0n
154005, geleol
154320,a839803654
154144,castlereagh
154286,Raands
154293,winterfiend
154135,LongbadGreat
154110,kidcuccan
154085,RadioRays
154076,Maynard
133819,拒绝者
144450,flinko
142824,Akella
144392,daulet_sky
144332,Dumpster
144932,TBAPblHA
144893,umn1k
144882,plcpwnz
144875,sore_
132961,nouveau_i
132948,radiobouffon
132952,gigaaa
132776,Chappie7k
132751,1prox
132745,LamaMagenta
132734,Huuduu
132686,Tottzor
132722,Juarezz
129323,Ene
129286,lenockazykova
129266,Jerry
116974,Nai
121819,kattkatt
67451,LuCky
97018,TheB11zzy
121669, vzlom_parol9
100122,immune
97747,ReaLaxXx
100799,UrBoyJC
97042,GrizzlyMj
97058,Studio
97068,Karelia
43567,Cys
10016923,Pan
10015349,Jeremy
10010995,DarkNess
10010987,D.L
10011013,SHADOW
10010814,rtp
10010537,Daybi
10007911,Rosieareroses
10007855,Aliback
10007853,September_QQ
10006527,Алексей Буслов
10005876,hidenway
10006524,Павел Котковец
10006417,Daazzy
10006402,jiasang
10005798,Phil ivry
10004966,Docres
10004342,POKORN
10005321,Bai
10003294,Underdark
10004461,M
10003100,GReeeeN
10003354,gdwn
10003299,Teree
10002892,Zhibi
10002897,Loyd
10001983,Destrap
10001029,BOSAMAI
10000542,White
10000232,Mizukii!
181128,w1ld_t33n
219328,0range
10000067,XQuZeiQ
234986,Wambo
212959,R7
227721,eClix
227745,Ornstein
73386,Vilik
227588,Paradoxx
231970,Zacktan
232051,will4zoo
231123,nvrm9999
231158,MarshaLY
231238,111021161
230274,srdtj
209019,Dikky
229627,Makarskrk
229631,Sonicdx
229644,wwickedseek
170077,faeeeee
87642,vanseqsama
226359,Meowth
224600,massivez
227549,Kozoro
205960,CMD
207986,Sparchello
207234,GrinSiC
207240,vasQaaaa
201121,justcooman
186655,test8433
169341,Messy
182345,777111222333
182334,NyanTheSlr
179925,ggafk
169162,The Thinker
161301,VeLoNe
153633,Hank Zhang
30657,Lacoste
130959,pizzadad37
138706,Asiaamore
130950,Angelomon
130943,shinEE
111186,gamervl
111160,P3qne
105755,Hayaku
96154,CrissAngel
100079,114-Wave
86393,MrLiukeAL
78184,Q_Q_Q
86828,lastusha
80302,sdn
75855,noname.my
73392,Babunjke
42173,Jyu
42163,Sagun
37256,Mafia
42154,Satan
10014917,M069EX215A
10015725,Август
10014736,npc bot
10014727,sadagam
10014888,itoshi rin prime
10014901,l1ndo
10014909,xyz^
10009998,4U7157
10013646,Solist-
10011740,s1xtw0龍
10011759,Vladosman
10009714,Skeletik113
10009704,prychsh
10006794,Kant
10006768,Machinae
10006268,Waiti
10002649,frrry
10002215,lil_V
152043,FistKing-
97169, Rara
91359,Nivis
87639,dsadsadsa
77183,MrGhost
77192,Lun
74597,COOLBUTCUTE
76170,}i{
10017167,EMOKD05
10017172,asdasd1232
10017163,Destroyer012
10012764,Lurker
10016591,SunshineRR
10010404,Stormyy
10008973,INFERNAL339
10012914,11
10013445,DCMG
10015039,Haaames
10011566,l0wskillwOw
10009009,Maloy
10015987,来财来
10016679,青玉案
10008312,fiend
10011553,Yorushika07
10016646,ESHIMRAKOV
10016634,Jupiter
10016669,Soxatylos
10016660,0.0
10012440,TakeCareMia
10016638,OneMoreLight
10016673,HitachiMak0
10010762,noko
10012912,Scaff
10015567,Sshimer
181287,tonywho
10016577,fanofice
10016602,bezdarniy4el
10016585,zucuc
10016570,BASHAME
10015972,dotasama
10015325,古月方源
10015974,xxg
10016134,CKY
10016117,七月的帆
10016122,Yangfeng Wang
10016130,江湖拾遗
10016041,ducho0
10007207,Zore
10016051,Janix
10015922,OracleBCD
10016036,Amanoyk
10016031,kwakwongoida
10016008,DrDeath624
10016013,Pronocol
10015996,zeX9
10015994,Yorlak
10009843,Dave
227746,Kostyan
10015131,HandLamp
10016080,E$ↄAPE
10013851,Madara
10016094,Jack0_L4nt3rn
10016099,oDIMONDo
10015027,-ParAdi3e
10016068,nikelal
10016076,Anfer
10010535,Hushh
10016069,NongSun
10015644,gotom
10014647,LuissCook
10015584,never__more
10015590,ReflecT
10015649,.......
10015559,Gholamdark
10015563,N1ghtm4rE6
10014658,I’m forever chasing after time
10010724,kendallx
10014995,chdota
10015372,林中抚琴曲委婉
10008885,Antares678
10015322,ayayaaa
10014009,nne11
10012444,DR.bum
10010471,Ducho
10015167,BR7
10015163,LidoCocaine
10015189,Zonark
10015204,Shorbav
206608,冷鸟
10015061,H1!!
10015021,Panalysis
10015025,cinder
10015149,Mikhail2233
10014823,Noob1sho
10012404,dontcallmegod
10000114,KERTENKELE
10007117,AYuNiD
10015112,Zero
10010719,小猫喵喵
10010729,24
10013970,Rizz01
10015041,霸霸鸡
220088,fabioandre
10012415,DepK1d
10015067,Luwei
10009822,Nero
10011887,Hiraeth
10013457,JMouZ
10014980,tntsusano
10012228,诺
10015008,Saeki
10014931,zy9
10014830,Donglij
10014953,robot_pma
10014934,Feindaimiq
10014836,qwe____
10013907,Artdy
10014807,kaor_1
10014816,robot_sad
10014812,Crazy1Hunter
10014230,Mego'o
10009645,Ryoma
10014680,DolboebPrime
10009630,L1z4rd
10014627,thendofstory
10010356,POS1 IDC
10010326,Mg
10014011,Whitekat
10014500,dotaengineer
10012414,inaccforacc
10014496,lethal
10012236,vdskies
10014508,somniao
10014480,actor`
10014519,MikaeilZ
10014497,Vladoss1
10014452,Axysys
10014441,EzekielD
10011956,rekie
10012491,Mr.Achybones
10012417,Mr.DeviL
10014019,GoD_invoKer
10013452,mister moral
10008567,SexyBuns
10012839,Somnia
10010460,Kohxi
10014035,justwanna_T
10011646,Goliathsd
80163,makke
10013977,AIMPASS
10013987,RealDRTT
10013458,noe
10013945,dэmasek
10013935,Toptyga
10004928,proxx002
10013915,daiboze
10000676,Sm1Ley111
10013893,paratryper
10013889,sixthgrader
10012852,Jy
10008325,Guré Léiman
10013873,Vulture
10013882,made
10013864,depkid
10013853,ANITA MAX WYN
10010087,Ezekiel
10013823,Selivan
10013834,Dauman
10007106,KKT
10012413,anbu666
10013526,shawty
10013442,老古董
10013493,hotdog63
10013460,MP3
10013436,Sans
10013041,6 Minute God
10007924,Gogo
10013039,xhema
10013037,kdm
10013031,Happy
10013029,KURRITO
10013048,Fazuliak
10013049,Cook
10013038,majutsu
10007987,Merlin-
10012901,LA.LaqiE`
10012877,7emistor
10004933,ilbertti
10012849,dgzcaii
10003633,Woodyi33t
10008779,Egnnn
10012865,momboss11
10012840,ElPapiJuanito
10012837,shinjeew
10012565,Ftww
10007418,oscardota
10012562,Bian
10009482,Mr. Luck
10012221,Fultz
10010817,Sh-
10011809,msh
10012559,SlaiZer
10012554,jihapse
10012545,Mefisto
10012529,Odinokiy_bog
10012517,Bagruwa
10012521,shiraz2
10012495,Rasmus_=
10010422,Absolutemassive
10012435,zuhvi
10012359,龙哥
10012402,xnsc665
10012399,KKKooww
10011978,Mysterio
10012369,GreenBuns
10012334,nanamitoukou
10012222,lanzarote
10012347,JulioJuju
10012248,Vanilla511
10011726,lil_one
10012244,Nasservich
10012212,Legacy
10010661,Clarky
10007133,Hishge
10000021,H1Jack
10012016,LSM
144883,Butterfly-
10011917,Buying Onions
10012004,Karma
10010812,pingus
10007417,ZliP
10011833,Rex
10011872,21
10011837,SneakyBeaky
10011835,sty___1
10011824,hades
10011819,Nikishochekk
10008240,Mego'o-
10010696,Away
10011630,oka_uwu
10009151,Goffren
10011576,kreepa777
10011608,petrovic123
10011560,benkuan
10011614,EmperadorB
10011604,BagranaSmert
10011588,CUTECURIE
10011593,Matumbamen23
10007446,Ilya
10011547,lilshoji
88323,RagingPotato
10009777,RDP
10009790,惊魂chen
10010795,Fer
10010718,qxd
10010764,KWG
10010702,chalon
10010704,Monstar
10010761,Ferrari130
10009869,Rewite-
10016283,kappullya
10010680,Kidult
10010741,spamrazor24/7
10010789,Frasse
10010753,3deep_
10010690,GodkiD (J)
10010695,清洋
10010738,TABASCO
10009766,•BLackiNG•
10010665,SonG-
10010768,Faust
10010712,FrisB
10010700,CarPli
10010758,Galleta
10010727,GORDO
10010722,Jafg
10010469,Chuecho
10008826,La SoLe
10009787,strawberry
10010027,VenomW
10009983,HG
10009918,JuweL
10010077,Minzy
10010359,Lqq
10010337,hidiegod
10009772,Fuyao^^
10009858,Makuc0
10010466,starset
10010349,小人张捷
231563,SAMOSESS
10008786,sunsxt
10010504,nianaviść
10010487,Uflly
10010366,ShamPure
10010370,Forsаken
10010381,Noobro
10010415,Zalton
10005644,adde xD
10010417,BigG00se
10010413,DeathRa1n
10006232,ZipZaper
10009897,Intelligence
10010043,шайтан на трасе атырау
10009749,LMF
10009979,芒果可乐不加冰
10009902,w7
10009761,Tsukimoto
10009974,Mokie
10008210,txhyoo1
10009976,SallyWally
10004388,Sogarde
10008855,CFY
10008262,Captain_c0c0
10010059,Kross
10009864,DotaMistake
10007162,Slaw
10009962,Nell-son
10009967,Ftw
10009959,Puchito
10008814,Rhythm
10009878,Dibujito
10009857,A-
10009949,hjalluboi
10010015,imbaboy
10009800,idke fan#1
10010052,YaAkulka
10008793,Liru01
10010040,dmiTRYsick-
10009824,emptiness1
10009993,ICepas
10009933,Marloe
10010007,PLOTON
10009943,410410410
10009815,chat off
10009216,wenhao
10009786,ShareHeartbeat
10009903,出尘
10009781,Tintin
10005758,Yds
10009785,pangdudu!
10010069,Maximus
10010068,Eternity-
10009986,Quokka
10009915,Ihcoroy
10009906,KJC
10009621,Pagkatotohanm
10009562,Battou
10009634,Kyoto
10009528,Thelast
10009643,Glacius
10009585,Atomicflare
10009574,Kierrok
10009324,Chila
10009340,Kralot Bulo
10009338,Bonjwa
10009322,Tsoppa
10007963,Crush
10009347,KsAdmiral
10009317,Tyrox
10009335,Nick Wilde
230774,LuziFy
10005703,yarintheslayer
10009219,YC
10009215,qqwwee
10008321,mavis
10009108,Eternal Sadness
10008217,dato
10008852,braco
10008848,Dsltroyer
10008831,Skill
181352,maxuwaaa
10009001,Kuzinplayer
10008995,JoJozzy
10008964,atlesbay
10008954,Dark
10008959,Намотка
10008357,be positive
10008269,Overlom
10008585,Mico
10008571,Malakai
10008340,secular
10008329,Jzc
10008276,Currytofu
10008261,Kagu
10008255,Nubz
10004380,Kaito
10008292,Due-
10006220,Zuhalo
10007796,asd
10008374,zxr1k0
10008354,Mixalich
10008343,CURSEq
10008040,xardov
10008043,Majkoo
10008012,Khealim
10002880,Marv
10007988,Ayxan
10007982,T
131127,Sneaky
10006095,SoulQ
10007920,BoSs.Xstyle
10007935,ErikElmasllari
10007835,Professor
10007040,Gremlo
10004635,cyg3n
10007160,Meley
10007131,Marvel
10006724,Duffy
10007438,Pishtya
10007447,ahpo
10007192,新手上路
10003549,Karkur
10007185,Jupiter
10006940,NEWorldOrder
10007077,Lightshader
10007173,rsd
10004379,ktrR
10007137,tears in heaven
10006885,l0wskill
10006888,myron
10006867,karma
10006712,悠悠悠悠悠
10006729,hohoh
10006687,眼高手低
10006677,dogeasy
10006672,blacksalami
10006665,_DotA-and-Die_
218110,Xyz
10006434,劣势路猛男
10006302,小猪
10006099,Wizioneer
10006083,Tenshi
228645,Thesoulmine
10005667,dog
10005983,小刘
188743,voidspirit
10005671,slad1n-
130951,cristiano
10005652,Dicer
188502,school_bot
10005639,Midarima
10005635,fastsolo
10000901,froyolover
10005349,dh
10005375,狗东西
10003706,faranrowhani
10005361,zpp
10005363,Suco de Fruta
10005369,Chanchero
10005332,Oc.JJ
10005357,K-Stigs
156124,JobRealRamos
10004695,Dead Things
10005007,MythicaL
10004848,kuloxi
10004844,MenYouPing
10004910,The Wonder
10004970,MeowHeil
10004850,Katharsis
10004954,KONG_DOTO
10004946,DD322
231480,Bokerino
10004965,midsummermadness
10004837,Lama
10004934,MemXi
10004312,yaveruvdread
10004839,olddOtO
10004703,Hutman
10004496,4baha
10004685,Elentary
10004681,makisasha
10004621,MrPottikins
10002363,Ninja
10004649,Fenr1r
10004567,Selfish
10004493,readytoplay
10004537,raknar
10004564,asd
10004558,McArthur
10004539,perdita
10004548,Saito
162218,Saaaaarah
10004345,roycarlos
10004422,jeffy
10004386,chenergou
10004405,chillipalmer
10002280,Eliseorata
10004383,TheSooouul
10003990,ssyy
10004387,Sunkist
220641,enjoykaa
182856,Pooller
10003562,Cocytus
10000493,Jolly
169955,A35
181313,Tuesday
182860,mg.Jadukari
10003965,law
204948,pjodua
10003945,ALOHAstyle
229583,bobo47
10003937,elwynshkaa
10002349,MineraGvalda
10003718,Ocean
10003765,Lui
10003723,Matya
10003701,Roi
10003672,meketa
10003591,Muroc
10003648,Kriostor
132552,quacheR
96145,Warnutz
10003653,Lyc
10003658,kunbravuero
10002422,强混哥
10002725,Oscarsiwo
10003103,desire
10003321,alphalit
10003305,Akeno-greed
10003309,Kirito
10003300,Killerpro
10003297,ggoblin
228711,Mipwn
10003032,Tenaud
224601,SGOD
10003005,Rainbow
10003000,Ezbabki
10002868,Kp
10002607,Mikemagss
10002302,Ying bu liao
10002291,Intro
232058,Raldi
10002559,DLC
10000643,Lucifer Morningstar
182346,Rusyawin1
10002286,Vihren
10002216,Qtex
10002387,K132nd
10002358,ahkit
10002288,swtte
10002276,ghostdr
154104,Cadis
229606,Ace3greed
219679,iptrunin
10001616,Badplayrer
10001622,lynx
170019,miliy_panda
10001627,GhostMagical
205366,Rivaldifatah
179364,SparDa
10001583,matrix
10001565,beeerserk
10001559,Try_Ura
10001103,Jeff
10001100,Fischer
32110,Sasquatch
205243,Darky 
10000053,LarI1112
181295,lifemiragge
10000632,SGGDOTA2
10000552,LudwikG
179363,schlinks
10000509,rin
187994,blind12
10000682,Yuno
10000670,Qwikless
10000505,Rad-X
10000480,Bell99
10000488,Sk1peR
10000513,Untamed
196106,Hane
226357,iLogic
10000109,Infi
235408,JustDave
235401,Speed3r
235553,SHIZA_K
235531,puRpLeqwe
233323,ExeQtus
232011,VladFrolov8
70804,Maestro
231712,ImbaSai
231722,Yehitsmikem
231740,getrekts0n
231868,176552562
231222,131028
231579,nefarious
231586,Mikasa Acker
219904,mronin
227551,XMY
74215,Starfall
230709,JinxZiyu
230783,qHard
228637,So.bad
230791,NiceNice
229580,DragosD
228674,br1ngme2life
228656,Tiberius
131119,Italyashka
228641,Anhe1
228703,shoko
228735,Black_Soul
220710,LilbBasedGod
220603,BPZdota
205959,网恋+q
220978,barkingzeros
220884,Ted
220920,VendeTTa
220661,Mastermind
220634,Spectra
179932,ShhBby
216258,pmapmapma
220627,labelle
130785,Lwy
220620,Davaa
219876,coalkola
219919,Szontyi
219977,LL
39749,LemonNation
220028,ericliang
219981,7KDA
205264,RryM
220076,Black966
220087,Jamc
188598,Shrdded
220065,zoiasso
219441,SemaGoD
169593,skullkid
219316,HuangZhen
219323, mjw12345
219873,FrozenYN
205418,ZealotZs
219754,jackiethiay
219770,dismayedLava
154086,leecopper15
205367,heheb
205208,Aczino
204924,n0obie2123
205274,Tone
205409,benlhy90
169698,FANTASTICBby
204933,zedric_009
205371,fredastig
205425,Lubslubs
201766,ShuMa
195787,_`PTY
205923,Deefrost
205438,Pushhhh
205016,Whitestbeard
205875,Magnifo
205892,Molecule2000
205012,ClintBstwood
144498,Dacstir
188491,NoXfrostt
205740,TheNicky
204952,NewTonee
204962,J1ehubec
204779, JOYSTICKdota
121820,ASAPLondon
204980,thingsended
162186,entruv
205007,Oldchicken
205192,Golem
205237,tacachi1533
205258,LuxOrGhost
205203,Kzm_rmpg
205220,Amo-
169983,trafalgarzzz
204699,BINMYPRO
204914,thrower99
196154,RoD
196165,Andypanda
196169,weirdman
196151,agent111
196099,DAa
188602,Loki57
188555,Ben-ahbenLIM
178492,Vampyrette
188600,Syc
162205,zeeero
188013,krissttt
188016,mariano135
185196,Bushi
185192,PoMaLL1Ka
185204,Chivava
185211,Krisern_GOD_Toxic
184559,monk
184680,oreo98765
184562,sparky
184555,Shifty
184682,godzilla
162172,SolitaryJdge
182127,olav1991
182117,ErDuStiv
182091,Averykindguy
182085,YO.oshi
181140,garre
181133,Morales
181126,neewbie
182803,SASHA_CLOCKWERK
182877,ImLegend
182826,Radium
182871,Trafalgar
181362,Labrinth
181372,Cyber.nonpro-
181356,Keano
181338,DJ_zLo
181247,ggwpSF
181286,pokHpoJI
181385,Tereza
181319,May
181345,PSmeow
181332,VoleeAA
181310,ALIVEinFIRE
181273,kaktuskaktus
181300,ezwinkakbe
181228,Amkoer
181254,Tyca
181241,MozzarDDD
179368,choko
179361,DoMzZz
162190,SrChango
154250,aui1488
170065,1chigo_
132697,lowlewel
170052,UmE
170026,RmnDoto
170091,Tempo
169555,Medivh0
161940,madzdota
169592,Scarecrovvv
169577,EvilIsNear
129854,Loomdun
154123,zedisbugg
169972,qtchii
169710,TRisingStaR
169682,VN6kscrub
169705,Fererra
169690,gooksmith
161974,Tarano
154256,ClouDOwnS
162176,OLDMANR
144432,f0ldern
129379,Klaze
162515,Xepher
162527,hazy5
162056,iloveqi
154066,Kiooo
162027,Explosiv_Fury
162073,alviarbenok
162044,jojero420
162085,T1TaN-
162038,nejiej
162122,truetears-
162136,LL
162127,ACE1
162132,Zayu
117003,yousa
154070,rexnjhong
154015, cyber_pro
153968,Maxuwa
153982,qpsdoto
153992,antw1n
154311,stan_3
154081,bone90
154263,boingflip14
154281,Dreamsss
154317,MoxyG
154301, TheBulgarian
154130,cnobody
154092,vuvantin
144916,noteice45
147508,supportdalbaeb
147514,MikE20sm
74685,MEGAKING1337
144462,Railgun
144474,lash6a
144955,dUPzye
144904,Yuuda1
121796,pashainviker
144944,newraper
144960,jk13372
144485,Keizerv2
130958,pq
132742,AkeIIa
132680,lQuatro
132706,Stingg
32394,Super
129311,ATTHESPEEDOFLIFE
129320,qqqyyy
129382,Storvikz
129392,lisek9666
129304,SlanderM
129296,Seequick
129289,Little94Brother
129279,avicii
116398,qrd
122521,456
103093,Keemerah
122065,Jamesssssss
114983,Visem
35189,Gengar
113667,HaN
105917,Mitch-zmaj
85273,Liionly
106369,ChikenMC
108970,fate-Nov
105871,Eleven
96799,ttwx
96807,	Keey
99793,zhanzhanzhan
35857,KoReYa-
97037,Majestic.pl
97159,eMMMM
31483,Aidash
97024,VerticaL-
97105,PrincessDonna111
76121,LeBronMP3
96943,Despair
97009,FainT
97814,yebabe
97712,Chewwww
97711, yatsinh
97701,style966
98900,Lua
97778,waddlewaddle
75849,AA
74025,Meen
85268,Nave
73643,vovosemvergonha
75607,Willez
75619, ch1kenmc
78182,XBG
43091,RavePlue
44673,qSoulkey
67449,Tomash
30622,GoAudio
43544,BanZ
42172,ksH
10016932,Un Gato
10016935,Rjx
10016940,K7
10016878,Joker
10016834,blindzone
10013508,Егор
10015908,9970-
10015382,Ezmo
10015305,Hanafubuki
10014663,Noname
10010104,ultimate
10013699,a/red
10005708,Arab
10011943,Dskun
10011256,9robot
10011008,Nas
10011003,awe
10011020,Evil-Ash
10010833,Hollow Maiden
10011062,´LipF
10010937,zamuel
10011001,PHI.Pagkatotohan
10010810,Печенька
10008795,Mary_y
10009305,Burberry
10009237,bblJloe
10008501,Tabletkee
10008516,bengan
10007914,loundraw
10007848,Lesson1337
10007493,Wvnnvcry
23834,Dayshi
10006965,AFterRain-
10006600,cygen
10006484,BlackHole
10006478,Soul3
128744,Dima
10006504,dantex26
10006493,Kimi
10006473,Dstr
10006520,wius
10006510,Magician
10006573,aeae
10006569,河马坦克
10006409,KolyKaban
10006414,CHEsVE
10003338,FeedOne
10006236,yk
10005766,Solan
10005769,ALWAYSWANNADIE
10005772,sdmid
10005617,ck
10005731,Region2411
10002004,SirActionSlacks
134935,gunnar
10004454,the boneless
205136,han
10004278,254112481
10000721,B
10004195,Feol
10004185,Hot_Bid
10004199,Greg
10004189,Lyrical
10003435,swim
72765,Sheever
10003988,acc.buyer
10000257,YaHa
10003682,toryghost4
10003217,Saiba
10002240,tslTSL
10003380,XiaoLaodi
10003138,Flyby1
10002818,yagami
10003349,w8ingfor
10003337,BOX HILL
10002802,Lon
10002747,yeezy
10002024,Shikaka
10002757,LITTLE_SORRY
10002437,sinwlyuhi228
10001987,yangyang
10001568,Sssonic_meow
10002428,i30mb1
10002022,ibrahim
10001750,HappyFatOtak
10001739,Samskara
10001754,Mudak
10001665,bogema
10001024,Buk.sert-inwzaa
10000261,quan
10000855,binoobik
10000366,zhi
10000537,Pahko
10000336,Sun
234266,Male
233171,Risen
223411,Oscar
234984,bjocha
223384,Solitary Judge
227770,MonkVoker
227919,MagicTurtle
147055,y50
233908,RainbowDance
223291,Oscar
233910,ggw_
227608,Rampag3
231999,CirkinBoy
231166,EnternaLord
229649,lehaboss
231135,someateoff
231227,OwnedMeee
230286,Oleander
231210,A222
231180,PasonDotes
231188,jeromehiew97
231199,Rafon
230258,sekoboltzi
230279,DoubleG
229652,DashFeed
188008,zapbranigann1
221905,tnsFeat
226372,Kuroro
226369,uMattBro
223817,Yougurt
223390,MJW
223423,Camus
223435,Raykill
223407,Colleo
223427,Black Star
194000,Black Star
221900,german player
220704,ShivasGuard
222360,EA
217497,Mega
208982,SOPHISTICATED
208972,H R C N
208976,Makkoris<3
209028,Rak))
209000,hhh
208979,BogDaun
209008,pRinTerRock
208996,NotSpeak
208990,`Rtrdct
208986,qqwi
209022,Future
202129,xtt
202069,TieuLinh
198490,Freddy
195607,SmilingfAce))
183458,IIIIIIIIIIIIII
169340,trututu
179913,Sergiu77
180885,HelenaFive
179935, Ge7Right
180539,Tirabayt
144517,Miggi
171893,Meekrob
131134,Razvan
132757,BOLIVAR
171651,CLe-
169171,CamuXee
169153,o(∩_∩)o
161317,failhero
161310,retfujwqer
156838,CapitanLove
157799,insol3n7
79557,Gasha
149915,paunuu
134871,Atheist
131122,hexenjagd
131143,TheKoreanZombie
131341,Bronhi
131131,Destro
133840,SCL
133850,NumoT
130787,RUDEBOY
111167,Sweek
97060,shiki_shiki
111155,GameOver
99953,cyu
105730,Oldsnake
105726,hopis
73391,Black Death
105708,Heinz Fissure
105750,PIXELPUSHA
105720,Paglo
105714,HOT
105736,Huntsman
103687,kairemulla
103082,Dive in
87994,MentalProtector
91450,Blan
75845,SKY
98919,pusc
96165,The Park
98231,GAMZA
96150,ShaBell
99559,Mison-Hart
85317,Faker
82239,Dismek
75850,Alex
73977,Dd_csrh
78684,121
79735,ztok
41895,Twisted
72287,Axypa
75084,Wiz
75094,Redlight
30892,QQQ
54305,theEDE
40108,giftig
34973,Spin
10016335,Gosharikus
10013939,YaGood
10016211,beurself
10016215,warkarchechnya52
10015711,akashiedein
10015701,Invisibility
10015721,po!
10015731,Дане респект
10015716,K.
10015706,-qzx
10015418,Mixxx!
10015391,Зов природы
10014562,pioneer
10015443,ZXC
10015433,difuzion
10015428,casual
10015437,cemepo
10015453,tembelgol
10015406,saltedrider
10015423,BABABEAST
10015365,Tengu
10006479,Chaer
10014734,only 3
10014731,LOL)
10014885,pains
10014880,диана
10014916,Fedu
10014875,Sakurajima Mai
10014906,Flumik
10014774,be urself
10014778,up900
10014780,Bat0N
10014159,Kastell
10014177,ctb0k33
10014182,gaodaren2023
10014169,Pampu
10014192,Sighted
10014147,Mathis
10013642,Ausar
10013507,Саша
10012682,Zangetsu
10011790,relax
10012141,Смотри & Учись
10011783,golovin17
10011785,Semen
10011778,Goodoq
10011750,Кавказкий Крот
10011733,xbkyyt
10011764,SchwarzWhite
10011755,faq
10011729,minimotor
10010196,Егор
10010835,Ростовский Феникс
10010850,pride
10010859,DishiN
10008905,shalost
10010854,41
10010883,PIVOZAVRRRR-GOD
10010909,VoroHobbit
10010880,Shoole
10010565,Big Baby Tape
123736,SilverName
10010194,Baragoziq
10003824,Jamside
10009700,Obi欧比
10009680,forero-
10009685,delogin
10009710,cxb1ngh
10009695,Вафельное мороженое с шоколадом
10009690,pasia
10008577,Sacramento
10009056,kurapika
10009064,h
10008875,Deep Blue
10008910,zikara
10008890,Orion
10008895,domydance
10007616,libertuz
10007778,Eren
10006802,Bohdan Perepelitsa
10006519,Zealoth
10006786,K1rant1r
10006485,C2Feed
10006835,F4
10006814,caezar
10006763,Gifted
10006821,AlexZ
10006806,Pasketty
10006266,litbof
10006297,ezek1el
10006290,917319178
10005816,mouse
10004716,lustrous
10004705,Raptors
10004727,Paris
10004077,Francoeur
10003489,Memory
234966,Junk
10000551,YuN
10001523,zhibelongto
10001749,Zarathos
191755,Haze
186020,Ekvilibrium
186017,noddoh
152052,Stylezz
129307,kamikadze
102229,Hunter
80567,Paseo
87648,JungleBrother
79549,DetaX
77164,Cyberhen
77173,Vahnzz
73655,axmo
74593,SORRY THEN
73664,Maloy
74588,NaRiK
74596,neqros7yle
74682,son1
31042,Balsam
10017170,pamplonax2
10017150,Diomante
10017159,creepwalk
10017132,3n3my
10017138,No chat
10017136,Remember96
10017076,Quaresma
10017013,Skyfall
10016993,bibijon
181268,son1c
10017019,stawraith
10017006,johncastilio
10017002,Nerosredking
10016642,Mort1s
10016698,LennAThousand
10016703,Over
10016693,Weiden
10016664,magellan
10016624,Mariana Kiss
10016631,aloegarten
10002036,Splicko
10016619,sess1a
10016580,Stegaru
10016573,jstdontbeme
10007617,azimoff
10016594,sw1zz_x1
10015592,n404
10016567,SaeedYank
10016556,wenxiang
10016126,Chespin哈力栗
10016046,Perseverance
10015989,Journey
10016019,malone
10016005,Songoas
10015983,Nathan2004
10015964,Kobalt1
10015960,Raiden
10015955,tenkenmoon
10015940,flash7745
10015936,Brad G.
10009328,sadpk
10015945,AnGeLduST
10015918,PIXTA06
10015911,YuHengTV
10016109,Jax
10016112,suirlet
10016103,LETMECOO
10016102,H2Owned
10015998,Lucky11
10016084,Parabell18
10016055,lunchzone
10016059,asphyxia
10016027,BITAL9
10016064,Michelada321
10015594,circada
10015317,xinqprime
10015578,Dee3
10015580,Cluudy
10015376,Detective
10015290,kingH2
10015326,Apátheia
10015315,smthlikeme
10015309,NELLSON
10015282,MortuusDei
10015158,kezumyyy
10015081,samtius
10013870,Hikosso
10014998,twigy222
10015050,RaiN
10015016,Jeyo
10015032,FrOsT_wYrN
10015045,凌游
10015003,Shizuma
10014962,Moises
10014844,junior_226
10014839,Athelstan1
10012421,EndRY7
10014457,VENDETTA_A
10014240,H-Lord
10013983,Elsololobo4
10010756,kilo
10014655,MENTAL TITAN
10014645,5c0m3nt4r1os
10009588,Hiruko
10014631,Rivori
10014471,NEADIKVAT
10014476,Torti_pouss
10014555,JulsQ
10014524,vantag3
10014504,LillaFilip
10014487,Worchok
10014529,Aegis197
10014447,terroorsmurf
10014466,Ferdibaba01
10014025,longchong22
10013903,Maheshwara
10014050,SIR MCMANI
10014047,Kssssssssy
10010765,Sleepiness
10014030,beaut_world
10014040,Stronger
10013997,ikroo
10013982,jebolankhrba
10013919,lebron-helgi
10013960,newsfeer
10013924,Ezeoz
10013950,xeongamer
10013940,marsianin
10013964,noypq
10013957,Assistentie
10013910,Dark_Fhoenix
10013928,xXxilochaXx
10014014,Fly to hell
10013877,SonofLONER
10013869,Kubox
10013832,3a4etka
10013839,Babor
10013475,Marshall
10013518,Dinengone
10013521,Nataraja
10013490,CJ
10013465,розбійник
10013480,Croo
10013469,ICE
10013026,Butch
10012773,zbman
10012886,Thunderdyne
10009484,N1NJA
10012905,Chavey
10012897,miruacle
10012843,NFLS.ClouD
10012883,Kirigamine
10012857,YeGod
10012830,kastaslayingthem
10006847,Matt
10012786,DarkLord
10012690,333
10012753,Noob4ik
10012542,quas sex escort
10012533,hanaHak1
10012209,Connor
10012446,Lancer
10012439,Silvio28
10012367,Sama
10009850,Hide
10012362,322King69
10012350,Drichh
10012353,munhjinz
10012253,rorothegamer
10012201,异神分身
10012256,scarlet
10012239,X_Cuba
10012227,lunatic
10012204,马格纳斯
10012217,soul eater
10012207,sanya
10012024,AFargo
10011999,Kagami
10012012,alidarck
10011913,seandwith
10011970,Skaði
10011904,korossu
10011877,j dog
10011842,Tema007
10011805,Rastahan
10011648,Murmur
10011642,KURRIT0
10011623,Stell301
10011599,extrim_22_22
10011595,jvachkka
10011569,Wakeup213
10011583,lilskript
10011557,Y.dde
10011552,RinGardner
207988,Kasper6665
10010485,IIIaJlyH
10010743,DRT
10010478,Marukoy
10010452,noob
10010429,Haka
10010425,Vegetto
10010331,XODO
10010447,水仙3
10010363,风
10008977,Caxame
10010494,ZHOstick
10010483,hurtteen xiiieen
10010387,baki_1014
10010409,xlptengry1
10010391,Kosi
10010511,RyderDota
10010088,Nikola Jokic
10010064,Emblemat1c
10010025,Darling
10010032,Tokeirolex37
10009861,MrDanielz
10010084,Cookie
10010019,YatehSama
10010046,咖啡
10010012,tryhard player
10009928,impossibly ugly
10009819,pasyans.
10006052,Keral
10009792,jastissq
10009807,Immortal.9ine
10010072,Ried
10009554,Sexomachin
10009726,Green
10009390,Warss
10004408,555k
10008840,King Potato
10008868,yaner
10008860,Wutan
10008326,K I R A
10009007,Ssiasmiko
10008358,August
10008982,danila.stepanets
10008969,coldmode
10008776,paradise12
10008724,时也命也.
10008564,Ntd
10004872,Sh4dy
10008235,Kazima
10008282,NS_4RT
10008360,qaws43
10008017,Insalata
10008022,Klydex
10008028,Arian1
155388,Cereza
10005702,AdeKadora
10007370,ResurrectioN
10007105,shtt
10006612,Hsu
10006458,搁浅
10005265,杨逍
10005660,dinghao0919
10001965,Leaf
10003038,Bnr
10004322,Shift
10005346,NaZo
10005353,garda
10000545,Dreams
10004982,daukakz
10004975,Mukolarr
10004956,ShrimpNugget
10004952,WumpkinsFace
10004941,anteeksiS
10004404,Paradoks
230275,Keisari
10004918,playxsen
10004930,cyxapek
10004897,Dratutiyatut
10004903,xirpin
10004894,I_immortal
10004888,buddhist1337
10004883,TequilaQQQ
10004879,rainfallx
10004875,zxc1x1
10004866,THE_HAKKA228
170093,Thormann
10004672,134357466
10004617,zReal
231007,Mjawn
10004632,Yamaaaan
10004543,stylebender
10004553,Kuba Kasztan
10004440,Vegelasa
10004426,BLACKPINKXTOKPED
10001582,DarkMenn
10004398,lionovega
10004389,Link
10004313,Ak1nak
10004377,Trummy
10004328,Gethsemane
10002224,clpogi
10004298,leng niao
10004308,Supbrojke
10003978,Josesito
10003574,Batman
10003711,ShooJa
10003762,KaEL
10003769,Innet
10003045,Hex
10003679,Eran
10003674,morfidabest
10003639,robert10
10003634,radionuklid
10003611,jeydee
10003643,AlexXo
10003663,Milan
10003585,Riu
10003588,Salad
10003579,johnnupro
188006,basuritashka
10003325,LeoManulli
10003221,Rektker
10003316,ggg573608
144394,MeGaWoT
10003034,Lombarditos
10002900,JMoon
10002860,paul
10002610,cakes
10002592,Rence
10002598,darkaop
10002563,Caio Alexandre
10002558,NishinoyaJr
10002548,Scrub Spirit
10002524,archlul
10002408,cantplaythis
10002391,Hanna
10002250,Yeellowflash
10002382,Rnocide
10002417,Chilopoda
10002374,Deus
219772,kaiguizy
10002269,sadjupiter
10002279,l2ome0
10002261,JaeHw
10002229,akezii
153951, LOVEOKAYGGWP
162028,mamawako
10001608,FBMaestro
10001596,Faust_S
10001591,Wonfer
10001575,Saltstick
10001535,BerserkD
10001532,ardosatia
10000910,boreveris
10000852,limepath
10000673,Sedouy
144876,cwyt
10000118,LINKDOTA
10000123,Mnick
10000104,Exper
235011,Klenis
233715,BlazerMLG
233317,BilboBegging
231038,Jhow
231043,Laretz 
232010,Sollq
232015,Relish
231935,Stickalish
231954,TechnoONG
231968,HROM1X
231982,Wotto
231950,FATALICIOUS
231437,joe
231728,No_Hands
220007,Pochama
231744,adihalim
227724,BigTerrazzo
230777,MAWMAW
230706,Joshua
230786,Marck
219896,ioni_x
228727,isack19
228739,Firedota_
220716,Obsessive
220707,refoneras
220997,MOONFAL
220984,leoraze3
161979,mzpig
220910,WIBIGDOG
220657,shaman
220647,eu_arrow
204634,qSnake
220558,Lix
220613,Alvin
220630,mariocokiess
219881,Raspad
220014,hawaifreedom
219970,InStar_Light
204987,kstigs
220022,IceFisher67
220071,kevinzt
220045,Brunomoura
220082,2willian2
220103,deltaaman
220055,N1ceB0at
219321,❤♥夏が散らかしてった心を
219886,Pavlun322
219703,Dodgie
219796,dingo_je
219785,Smidennis
219726,stanistas
219708,Maevcik
219748,160792
211693,hate toxic people
205354,FknLegit
205388,tannan2009
205325,ShinoaShinoa
205306,mawaridz
205910,Sko4
205919,113357036
205687,wahahwa
205460,sladkipish
205885,hooti3
205776,parttime9k
204983,momohirai
205861,xdemonkingxz
205736,Rhumz
205038,SeanBruiz
204723,mdmakyky
204947,metrogoldwyn
204956,bobythesl
204768,enginehard
204714,navalia888
204706,Ditya_Rak
205003,Matau32
204918,MarcusIsNoob
204693,Alechnget32
196375,Orion
196161,ouker
188734,teddyoojo
179937,sRnPEIN
188494,GN
188501,freddyhard2
182131,Hawkatron
182112,Marque
182854,yesyesyes
182841,Coba4ka
182832,J-Dao
182809,Oblepiha
181325,ShadowShiz
181279,1638grey
181366,63m
181379,FroZ.
181293,Predok
181266,f0cs
181221,cheewbakka88
181234,Dikagyra
179351,MeGa
164240,夏末之前
170034,ZLOBICH
170041,IIIIIIIIIII1
169570,Cykameister
169542,Korieee
169639,Dolmia
169562,DonzYY
169584,bilyxa
169519,11335577
169487,rinami
169736,Jeyo
169732,aaax32
149682,Nando.Shi
169947,328708985
169982,SkySoPro
169715,Zenoth
87237,Kyt
161995,CenturySF
162184,Vidify
162330,Latch1
162323,SUPRISE
162314,ZelaX1
161956,eeeddd
161947,NENAVIJYVSEH
132623,3plet
161848,BotTanik123
156161,Y2K
162032,mrkprahinog
162015,dota2vn1
162079,bocha351
162067,anakara
153976,pozdnukov
154001,bobobo7
154304,Baidu_Ge
154321,facecena15
154145,JinSeYeon
154287,S-Gintoki
154294,SRune
154136,Prenz
154111,mal135
154077,nornor
132625,5swifty
144364,Flylongonly
144933,621LITB
144894,ftmu
144862,Lebois
132962,riens74
38057,Kebap
132735,IFeelPrettyL
132687,Captainstomp
129819,PqMz
129377,Couch
129326,Tonikvodka
129287,Дмитрий Белов
129267,RIBO46
121843,UNDERwhater
121824,medakgz
121703,Demon123
105925,ArkDoa
97748,YokoO
97043,LLluLLlka
97069,tali
80267,jigglebilly
34976,daco
10016930,Miro
10016924,Alan
10016836,Chud0
10015350,syringe9
10010996,X*Never*Light
10010988,frOx
10011014,Jedi
10010792,TPRBSS
208701,Koala
10008420,Gaik
10007850,hellfox9772
10006952,hane^j1
10005874,TNDKingg
10002515,Topa
10006521,Сергей Воронович
10006418,G Ø D L 1 K E
10006403,deer
10005364,pakazs
10004477,pro100demo
10003099,MinT
10002781,IO
10003340,SemaNolove
10002020,serjoxan
10001984,Suede
223376,Sword
10000543,Pumpkin
10000532,tvt
10000066,RohasBay
227589,TenSa-ZengetSu
231990,Cowboy
231278,Cechi
231971,zak25
232052,Embers
231144,Dimitryk1234
231174,masterben34
229657,PiroFany
229628,mitte503
227082,Frostmune
226360,GreeN
205726,Diff
214608,evv
209013,KRoNiiiCz
207987,Rom4eGG
207972,FeyTe
207236,Egorka
202108,!Stylezz
195606,MISHA UBIYCA
190461,Wang wang
186662,NinjaMicke
182335,unrivalednah
132624,happiness
179926,aa_soHard
164242,Hugh
136535,CrazyAlex
148532,Deex
131629,penquinn
134552,Retrograde
130987,470
117001,MoVe
111161,Inmuna
105756,Bingooo
102239,Noone-
96155,Donut
100080,daod
85742,BLUEMANKRANZ
73305,Nive
86829,atlonis
86833,kpah
75856,Nash
73613,Dfekt
35623,CZ
37262,Pein
42155,me.gun
44693,BLABLAFU
10016210,Paradigma
10015699,Lanata
10015726,Bol
10014737,revo
10014889,apostq1e
10014902,AcE
10014911,i was cured alright
10014152,tensai
10010374,Mid/double/triple/quadro/penta
10011147,by_Owl
10010201,Cheatbanned
10011741,Heisenburger
10011760,TanDeSt
10009715,filutsia
10009705,Lyno
10009058,bummer
10006896,failure
10006795,Ace
10006501,m1ke
10006293,Gon
10006269,Soulwar
10005655,ManyiTt
10002648,Qline
171654,Awchas
152061,aga/pywistik
152044,GrASOSoRial
91360,Indigo
87640,SnowWhite
77193,Ean
75118,BlackRose
76171,Wezyr
73390,temkanike
73373,Supri
42160,BlueBanana
10017164,dmdmdm
10017044,piro
10014665,Gaga
10017047,你们是真恶心啊
10016977,1Kybick1
10016654,Hide
10016720,Jarim
10016559,Locomonski
85389,Nova
10016647,Sunsiii
10010516,Carl
10016688,ryota
10015123,InstantlyTrendy
10016135,mmr creator
10008871,imitator
10016670,TeamToWin
10016661,Faded.TJU
10016658,Foxking
10016628,T99Mmid
10016639,Sprinter
10012005,KuroKo
10010670,deko
10016629,Neffington
10012508,Rodion
10013486,Blackfrath
10010672,Kamaros
10016603,easy4moskal
10016073,baldej
10015587,sagiribabyy
10009975,Rozeanne
10015971,xiaose
10016110,kyotaro
10016118,fabulous
10016123,Xinquan Guo
10016131,别见黄花落
10016042,Dante inferno
10016052,xaxaxaxaxa
10016021,rncy
10015923,wae
10016037,kasstaa
10016032,askore
10016009,Partyhengst
10008029,nimus#
10015993,drugsuser
10015969,tipszxc
221006,Tmizuki
10015914,B-RABBIT
10013798,matsarellow
10015130,IceRain
10016081,Nayuta0402
10016070,j_eli
10014650,Yeipi
10016096,JDog22
10016093,Swndark
10011889,copyCat
10012021,Black MaMBa
10016089,Mohg
10016090,BaTKinG
10016067,tangoenjoyer
10009763,khishka
10015645,i know?
10015558,cutttt
10015585,kokonani
10015591,SilenT
10015647,life is nothing
10015151,DJ_P0MAH
10015556,lffy
10015560,Sarytob1
10015022,ViruS
10015135,wxkeupparalyzed
10014996,huawae
10015373,BX
10015361,Брызнул
10015328,Nikolas
10010360,决心
10011060,Skill Lay
10015318,Frostjkeee
10015303,Walter White
10014935,Rain213
10015168,CyberDingzhen
10015190,Verlin Raed
10015209,PinkMan
10012568,FuN.sito
10015198,LONELY
10015026,El-PsyCongroo
10015150,Alisher0
10009909,keyti
10015113,最后的沉默猎手
10015077,Mondai
10015040,三转巅峰♥
10012842,Heaven_1
10012805,sahand1379
10011650,SkyFalL
10015049,Neutter
204700,fatigue1
10014984,armelcxz
10015029,M44z
10014992,bnc1234
10006579,hao
10014969,ckk
10008266,Nameless9299
10004340,Lenonxs
10014831,LiJD
10013975,Mcoldr
10011628,Disister
10014492,HOTOkeee
10014621,Notic9
10011627,geO__O
10014513,lwk7_
10014808,yamennekki66
10014813,dead2mezxc
10011010,MadFrog
10002950,Grove
10014242,Evidence
10014659,MegoWay
10014681,Str1ke97
10013840,Vafelka
10013993,inu34
10013470,Freak
10010668,flappyy
10012783,makarec
10012025,CrazyMadNoob
10014662,QWQ
10014552,Nine Nz
10014501,Fedoook
10009214,Tz.
10014498,varlam1
10014463,revolver__
10014453,Konuki
10014442,Kurtso
10014020,Swey
10002366,Vampire
10014022,TOPOHTOTOKIO
10013800,amiroone
10014036,-Ustami
10013931,saya_m
10013978,MrLawaYT
10013988,Panda_01Ss
10013946,nagasirena
10013953,GodRTM
10013967,Espress0
10013866,ТОРОНТОТОКІО
10013815,佛门小僧
10013874,N3V3RM0R3
10013883,shadow_tide
10013854,Selrahczxcc
10009847,Notorious
10013824,unhumanq
10013819,leeloo532
10013835,GFy
10013536,zxcursed
10013530,orvoll
10013494,Rain
10013527,bladetears
10013537,крекер
10013513,Signum
10010733,dp
10013443,拳打雾湖琪露诺
10013461,Raving
10013446,GGG
10013437,二两牛肉面
10013042,Requiem
10013045,Je li borba?
10013032,bobzin
10011643,HobbitCZE1
10013050,Ashteezy
10007951,PogRoM
10013036,Nikako
10009345,Sneesnaw
10007439,Brightside
10012913,[X}caret
10012911,setzz
10012908,tr
10012902,c bot
10012876,Zaop
10009838,Wazza
10012486,avem
10012850,Rfy
10012868,dob1k
10012864,Idau
10012846,bufflesxd
10012841,-yuno
10012794,Licht
10012838,laeva
10012834,shenotalesbianforp
10012826,Possession
10012809,Kompoze
10012799,Damic
10009862,r3donatello
10012765,Walkarian111
10012448,Silt
10012762,garbage
10012770,ming
10012567,xdd
10010705,Jpc
10012563,Blay
10009990,Ft.
10012518,Zy
10012560,Reşat B.
10012555,insh
10012537,boliboli
10012546,Zomber
10012530,lose streak 7 matches
10012522,Maniacx2
10012496,Jenp
10010440,LGTK
10008822,Smoker
10012436,Paint123456
10012403,qkza327
10012400,du
10011880,Red Moon
10012406,edward
10011846,Kumite69
10012249,pwner
10008803,Michael
10010453,Crash
10011727,Ofra
10012015,Iron Mike
153637,Rain
10011899,Qzwp
10010868,vlone
10009008,flack0qq
10011919,Binaryboiii
10011931,VaGOOO
10006270,SoulEater
10011883,makali33
10011873,Mattchuzxc
10011832,jos334
10010701,ChaikaTrabant
10011620,Maurice
10011618,Hiy
10011561,jufengbo
10011615,Dylerzm
10011605,blackdragon
10011606,oles2001
10011589,Dezlt
10011548,Nora_Neko
10010320,cxk
10010693,NORMAL END
10010687,mydachyo
10009895,Sans
10010796,December
10010667,Abdul Jakul Salsalani
10010681,yuo
10010678,Yoshia
10010790,RCE
10009885,marblue
10010692,SnYY
10010730,2good
10010739,Rita
10010691,edeku
10009762,wh
10010769,Duke of Nuke
10009841,MOO7
10008820,7
10010327,KUMA
10010725,Jseb
10010028,El Perro Loco
10009675,weebian
10008849,Raigor
10010034,Zyrex
10010515,Lenny
10010078,Kurama
10009893,xiN
10010346,Di
10008655,Havinci
10009767,HESOYAM
10010338,eli
10010450,SnY
10010464,Botellita71
10010467,Andy
10009556,Aldana
10010384,Nov.
10010350,拽哥
10010355,wuyi
10010402,378674454
10010397,sjcm
10010443,Rald
10010505,ToXedomask
10010488,Infinite Tsukuyom1
10010373,curseofavenrus
10010371,troyaxking
10010418,Rikka
10009980,Q1Ch3n
10009953,Sie7e
10009870,kym
10009970,Kiyo
10010060,Sigma
10009963,m1n1k1r4
10008298,Zoimotoboy
10009960,Naruto
10009874,ZXCVBNMkvin19
10009879,Baldivieso
10009830,redachase
10009801,splitpersonality
10010053,bnbeshKa
10009854,iMp
10010041,Scooter
10009937,Haero
10009994,Bam4ik
10009934,ynglord
10009999,дет инсиде
10010008,Immortalbase
10009944,Snare
10009828,dota rap
10009892,Arya
10009987,BlackBerry
10009916,Luck
10009907,6th man dota
10009769,ikan-_-koki
10009631,Mild
10009592,Atee
10009563,sx
10009530,Thebonzoshow
10009565,Pazto
10009644,Jynx
10000514,Frifflesxoxo
10009586,Mint
10009602,Incognito
10009575,Mufasa
10009323,John Joe Lee
10008013,Drizzt
10004701,pikA
10009318,cyre
10009336,vlado_skaljari
10009332,Albi
10009199,Kqhol
10009197,Cain`
10008805,KM
10008811,Sugar
10008817,柚子茶
10008335,928
10008857,genaa
10008834,the anillalor
10008998,its on
10008996,konch
10008783,rainhf
10008572,TheSpeedy
10008965,backinside
10008960,hhhhhhhh
10008586,Dreamer
10008219,Fruit Basket
10008560,LxsJ
10008654,Hated
10008598,Bl4ke
10007171,EzAqeghj
10008201,Zoom
10008591,Muffin
10006435,Dsj
10008330,Donkey
10008205,kyl
10008277,RabbitSheep
10008256,RhombiCube
10008244,Delusion-
10008248,PoppY
10008293,jaojaojao
10008375,express low pts
10008363,dey0uth
10008355,milferi
10008344,WatermelonСooler
10008011,Yzann
10008044,Faceroll
10008006,Applepie
10007994,Mal@y
10007983,xD1ZZ
10007927,Nozomi
10007925,heaven1g
10007936,333d0ta
10007840,evangeliett
10007836,forsemajor
10007041,Crow
10007161,dededo43
10007167,Flash
10007648,qoWqa
10007459,wayne
10007441,Wdr
10007457,-BaSi
10007453,yq
10007155,Keptas Gaidys
10007177,stormcici
10007174,AtomMax17
10007138,XPP
10007103,16 Hours
10006889,pastil
10006893,senselessly
10006713,清风
10006730,lalal
10006725,Feeder2
10006681,整
10006688,Bee
10006673,Gimpyyy
10006666,DOOMbunni
10006439,Moriarty
10006432,132722126
10005998,S?S>S
10005994,K0TuK
10003632,Skvigg
161931,Satierco
10005943,popotter
10005665,Nplaner
10005647,Kensou
10005654,xixi
10005636,39920918
10005348,Dark
10005374,onepumbman
10005368,AntivirusG2a
10005012,Pio
10004989,Zona
10004909,123pAsmAtri
10004969,SoloHD_2
10004851,Laozigu
10004945,Wilk0o0
10004927,Stizer
10004915,PJluXaKinG
74590,Galaxy
230287,jojka
10004619,lost
10004487,punkStar
10003997,Depi
10004336,A$AP ROFLEX
10004626,kangkaiu
169543,Kracke
10004648,RoTz
10004642,Son Goku
220975,Unknown01
10004492,ITALIANI
10004557,Daybreaker
10004432,Neon
10004316,Kotiky
10004421,jollylee
10004418,shaggy
10004401,Kreygasm97
10004382,LikeABoss
10003605,kingauther
10003352,Guilty
10004341,thndr
10003624,demo
205890,SaveDota
10003962,vase4ka
10003964,Eradicate
10003944,qTigrov
10003935,xraknar
10003756,MinowX
10003722,Batya
10003700,mera
10003647,Chishiki
235548,~shevka
10003652,Thaikey
10003657,jonteQC
10003597,TaQ
10003593,buzteR
10003567,Cany
162023,Lukm
10003313,LatheL
10003296,kvothe_re
10003139,Mad
10000680,gbL
10003042,arwen20
10003057,ClutchDota
10003046,Historia
10003044,muffinmanpie
10003004,CHEEKY
10003001,Let_It-Be
144496,DoopzKE
10002634,wozuikeai
10001534,Hippie
10002292,zhadanren
10002560,carlin
10002557,lil tecla
207653,Vamp1Re
10002304,Monsterboy
10002295,Lunai
10002403,sb
10002398,Xzq
10002243,BlessYouu
10002423,Play For Fun
10002277,pacho
144919,Mandakhsda
145377,Ciky
10001633,9minipizzas
10001618,Niinee
231591,Vipuvonv
10001640,sema4ka
10001539,ciaoba
10001628,YsiangAng
162062,koalamon
10001566,d9teji
10001560,Irisha228
10001107,QAQ
10001101,ch0c0b0
205260,etcetera987
10000678,stormc43t
10000624,Young Chinaski
10000626,Masserabeast
10000799,Alt.QQ
217498,Angelmon
10000683,Kirino
10000671,Amphetamine2
205778,SGLeroy
10000466,FM
10000506,LemonCat
10000481,Taivnaa
10000501,Dian
10000319,Takz
235404,InternetKing
235409,Mullewap
235402,Wabby
235528,Zazo
235554,Ar4er
233324,Jadus
233703,Flow
232012,YAMIdaniual
231945,n3rmax
220625,jayyl
231948,Jmslrvin
231713,sunnyhlf
231723,TheD2Sheriff
231741,Gods_Gift
231869,yxl
231595,lekovskill
231587,TIRSINULAN
230710,Klay.Gay
230792,Permaster
229582,Zoazerz
228675,Gatecrusher
228663,gomerdota
228657,ValentinAge
228650,LaB.DiDa
228642,lawara99933
228722,Athelstan
220985,thebadbunny
228736,Buffales
205198,ManagerUGBol
220711,Persecute
205238,tekeloamol
220898,Lily
220922,cnfsr
219697,kalogero
220628,mskailacrity
219979,c00s
220029,guardian001
219982,StreetlightA
220011,Miranee
205246,seijuro
220077,jeimaridoto
220108,dreamhappy
220041,kanedoto
220066,Deexdoota
219317,Anemone
205916,l1sn
219893,diman1ax1337
219716,Hilarios
219750,binnaja
219775,rabbitlay
219755,mtkjack
219771,guoyuan1999
206068,MyDemons
206071,Lil kin6
204926,wenn1010
204939,kalogero
205411,Biabia_A
205377,Grimoceel
204932,hexmp
205362,Xing_td
205924,leika
205439,xalas4
205017,braxton911
161984,kAcezzz1
202070,LouisCavalli
170045,razvan2ch
205084,7th sorrow
204963,LinaDelRey
204763, Rom4eGG
205000,fdlfronz
204982,crystalove
205008,Zhyyy
205259,Tc0wn17
205204,crybardack
204915,Coldblood01
196155,tj-
196170,Dexter559
179357,habibi_D
187995,angel
179348,Kosigin
188755,Bushidou
188020,fur_elise-
132752,orbita
185202,Argoniur 
185205,BAJA
184560,enzoe23
184556,The_Clamburglar
184685,Passion
184691,zilla
182128,Shaunprep
182094,HB
182080,fymit
182092,Urgel
182086,Ziadoma
181141,acke
182804,qpaHToM9
182878,48support
182827,lqdrm
182872,FireTeen
181349,iLTW17
181373,HiTMan89
181357,Seregadno
181339,baebam12
181248,ptw
181386,tommmmmy
181320,SoCarryOne
181346,NyxAxeHodor
181333,bobiboba
181311,Abdubda
181274,Feta
181301,Krisis2k16
181229,MAZAI
181255,kotofey
181242,ADMIRALCHUIKIN
179354,pixel7
179362,Santo
162489,ainiyo
162164,Sakula
170067,moby334
170066,watsonswater
170053,Rayn3
169611,wonderclout
170092,Praemium
144492,bote
169556,JinxGod
169578,JinduJUN
169512,Shak
169725,jmist
169973,Lykosdoto
169711,LeChaun
169683,Duy1414
169706,chuen
169692,yrneh
161975,zzzzz4321
162224,Berlogovec
162171,rikuuking
162199,DeNieDPlay
154257,born2k
162177,guigod
161952,  Knutepunkt
162517,KelThuzard
162528,stoll6
162074,oheblang
162045,StandinLord
162086,pwrgangster
162039,errolm
162123,perfectime
162128,Shade
162133,落落
156002,Friday
155859,MMC
154999,Mihai
154105,Tsogtoo
154071,johnny0927
154007,Sanjik-man
153958, bloody884
153983, Astero1d
153993,ofra
154251,Arteezy1225
154118,Deshabim
154100,touchmycb
154271,itssiinz
154282,OmniPotent
154302,iSachman
154093,kentatommy9x
147523,rNtrnt
144966,Fight Together
144441,NTRP555
144463,nightmare357
144905,Kiska_Sonica
144917,Bullllllll
144936,FFury
144945,ClicKeRR
144961,freshcod
132694,Firfi
132957,hysteria
132698,borwiwe
132765,Malle
132681,InfernoKiLiK
132714,Arigold
64716,Rabbit
129312,Filip Musialski
129290,WehSing
129280,Franko
121674,Limbo
96446,Travka
122801,Seven
31213,Gio
122503,hdhp-cqc
35862,Taku
122066,Lin-Whisper
77744,820
117153,2owlerz
114984,ck11
113098,flancee
113668,ZP
105872,TemptessMoon
105074,DoA-Darkblood
105216,TooFuckingGood
97231,Odificiency-aodh
96801,irealfellow
97233,XuIIIHuK
99794,Ossss
97038,Cuerpos
97013,SpringRain
97025,SaintAndSoldier
96926,prometheus
96944,GOOSE
97010,Ragabash
97030,land of Mautrains
98931,Lance
97702,3Kz-yO2
97815,MaTteRu
97780,Train
97805,Pimon
96548, bad_slowgame
83509,Odie
85269,Bricks
73642,Lelouch
73633,Finith
75608,Osiris
75620,1.
75614,zur2
78183,MT
43092,Kiosai
43547,SpidaH
32875,cYso
10016991,blss
10016933,Adachi
10016928,Zeski-
10016926,Foxy
10016937,bysk'
10011946,HBK
10010341,trn
10016879,Kira
10014670,Vlad
10016453,rostikfacekid
10011784,Ravshan
10016837,ddeni
10016684,Воскресенский
137711,FrostNova
10014667,Нексюша
10012391,Stint
10015100,Morphilina
10016613,Levsky
10000795,yoona
10015907,iful
10015902,Lesn4ok
10015903,Женя про Дотку
10016039,Trener
10015901,РАЙТРАУН
10015294,D_Mini
10015306,Akuma
10015354,Super Stas
10008172,Ephey
10014673,Эмиль
10005709,Suan
10011944,Ori
10008284,kaffs
10011009,Devil
10011021,maDnEss
10010831,alagon
10011148,RVSHAN
10011146,G-spott
10010938,Sannoh
10011035,Ashes-
10005693,PhanThom
10010998,zxzxz
10010811,ICEDOWN
10010815,TRAVCHKA
10010540,dracynical
10009853,Yakiv
10009493,Fearlssla
10009238,winterblue
10007913,Hiro
10007849,h1danee
10007421,La Joya
10007205,Hush
10007044,ayl
128747,S0tF1k
10006505,Spyro
74823,s1mple
10006495,franz
215051,Jerry
10006511,MELANNNNN
10006500,RusseD
10006574,aeae0513
10006578,xNeveR
10006570,Killa4nia
10006410,zZZz
10006415,Cleric
10006348,Zero
10006350,savage
10006264,bully
10006288,Retse
10006216,Ramley
10000561,lawlesshy
10006079,prejudice
10006080,dw.
10004791,Destroyer-
10005773,deep house
10005383,pijon
10004792,FYYF
10004453,Wolverine
10004223,Mugen
10004448,kylevs
10000906,Marcpr0digy
119761,CEBKAJE
10002012,KotLGuy
10002013,GranDGranT
10002003,ODPixel
10003491,michiko
169181,Proxy
10003379,IF YOU
144516,Jollem
10002801,Reverie
10002746,DD.
10002724,m ✘
10002723,V I I
10002438,Pleberinon
10001988,WIND
10002429,Terrign
10002023,torri_tentori
10001981,懿
10001977,Legends
10001979,BIN
10001744,Biuuuuu
10001740,Oblivion
10001677,Itachi
235529,ZIEND
10001671,ctomaheh
10001647,彪哥
10001025,joY (fake)
10000577,Waiting
10000651,Mist
232390,Fuji
10000484,Funster
10000571,Undefeated-
10000557,JG_del
10000274,KIM
10000337,pyw
231434,Keys
10000057,BlackLight
234962,Lollo
234025,White
227920,Jaloobi
233907,Rehab23
228274,Seonhwa
227599,J1N
227609,DeLiVeR4nc3
227594, Pinkman
227561,Ysioul
231220,JamalBOSS
232000,burkiday
231167,Salences
231136,str4a
231235,Habera
231194,yahaqt
231211,Ghost_Khan
204694,405038678
231200,AsunaLanaya
231205,schierke2
227507,Munck
222357,Baba YAGA
226370,clownster
226365,k34k1
85293,Adekvat
223369,Slayer
223391,Sneyking
223424,Dicer
223408,Ca$H
223429,Atilob
219862,AlexTheFool
222354,Lucifer 
218111,斗圣
206607,Ragnar
214606,7676
208977,React1ve
209029,star
208980,СА
209009,GrayVein
208965,Needurlove
208997,Darfik
208969,Liberty
209023,M.
186663,insan1a
202083,Revo
209539,Aiden
198491,Toxi
197799,MR
198623,Yshakov
153945,Chains2410
180875,BEGEMOTqq
180886,snorman
180543,B_o_g_i_n_y_a
180546,DA_
85388,tmw
169444,Viy
161318,Forsaik
161311,whiteshadow
161320,lumos
157802,Hawkeye.
136539,Aurvandil
137315,nickaril-abash
149917,Sims
131123,frozen
134444,Gunter
134442,magikA
131342,Emperor
131132,RunNoobsRun
120723,stringer-03
120181,Moo-fak
129757,jevidt
130970,fly.
126684,Zergo 
117461,yihaowei
111184,Tank
111157,Elisey_Chemodans
111156,Pretorian 
105731,Yamaoka
105709,Bestling
105751,ZEALOT
105721,Spade
105715,vRiTra^
105737,Umba
76108,Atze
104047,Stand-in 
103083,Kada
103015,Chin
87995,YK-SKY
102094,Ragnar0k
98237,WangJyu
98920,Jist
96161,Bet Man
98232,Art.kr
99560,Terong
100279,YqQs
85318,no1know
73978,wrong
82176,BG01-Bongertz
79734,4DR
73995,QQ
73962,xCoM
67450,TOPOR
75090,Nonsense
34970,Sifla
10016883,sst
10016546,Gotham
10016336,myakisssh
10016224,KoJl9ICuK
10016028,1VoRDJ
10016212,zxcLopata31
10016216,cebkins
10015783,moonraised
10015712,ritsu-
10015702,Cofe
10015722,SUNKIHUN
10015732,m3NORY
10015717,adiyouh
10015707,parsec54
10015697,m00nraised
10015419,Switchback
10015392,Okuby
10015448,tiltozavrik
10015444,yaaaawn
10006788,KostBester
10015429,equal
10015438,About
10015454,Kosyachniy
10015412,yunghanamiya
10015424,CHAOS
10015366,IceGreen
10015414,Sansus
10014733,Evample
10014886,F1m0z
10014881,дынька
10014876,Batonov prime
10014907,weak mentality
10014781,Iceshot
10014180,winter
10014160,Kamilord
10014166,Dani Zxc
10014178,DO
10014183,SS991788
10014170,Raju
10014193,гадюка)
10014164,youk
10013638,blessyou21
10013643,ШУРУП
10013505,macintow
10013506,Dota2sup
10013509,Vasilisa
10012684,dr1p
10007061,1ceN1ce
10011797,Semen2
10011780,Типичная Дота
10011751,Shishkaeat
10011734,zumabai_2007
10011746,Vаjin
10011756,"Skqg,"
10011738,timover
10011730,gameishard
10010851,Caesar
10010860,Eliston
10010846,Dev1nter
10010855,vanway
10010884,lil_3z
10010910,qwnx~
10010881,faint
10010195,Ursafarmaclub
10010190,fchord
10010203,quiizzzmeow
10010832,seregga
10009701,lil.Mira
10009681,Flytningar
10009686,NaG1bAt0R
10009711,KiRoGeR
10009696,or бруда
10009691,Questions
10009065,混子
10009061,Stylist
10008876,apsewapsew
10008911,Jiji
10008886,Nutella
10008891,paranoidandroid
10008896,Endless
10008906,(X_СУДЬЯ)
10007786,kcl
10007613,soloma
10006966,america
10006803,Endnotexists
10006518,Jak2oO
10006787,x3-man
10006781,Stubborn
10006836,Wise Stump
10006769,Smacked
10006815,rude_bit4
10006764,Joey
10006822,Reeker
10006807,Fossa
10006298,heykekos
10006047,GL1n
10005817,23savage
10004715,tomato
10004704,QuitZera
10004726,Seen
10004719,154813901
10003492,Ginger
10002778,GTW
10002214,Bogdawa
10002164,chill
10002172,kani
10001151,gr1gg
186021,L e o
180526,11
180489,JobJobJob
156196,mAcKenZou
156160,Eden
152053,BlueDota
77165,Acrid
77174,Vzard
73656,yy
74594,lastsong
73534,Sierraleone
73665,GameR-_-PYeS
74589,Aeon
76122,Pixi-
76114,jun
76102,Uta
10017151,rsse
10017155,raison d'être
10017133,theonemiroslav
10017139,ArkhamKnight
10016010,DJDuese
10017074,lcause
10017014,Wicked Guy
10017024,kraaq
10016998,Yoto_o
10017020,Scarecrow
10014439,CLGD
10017007,kijawzkie
10017003,Akasha
10016978,OvO
10016699,Shell
10016704,dakoelhler
10016694,Daijoubu?
10016643,lights
10016665,pos4
10016632,meamaxima
10016620,mARS80
10012374,Bastian
10016581,endmylife_xd
10016574,armenka2013
10016595,zxdgool
10016564,MrKoala
10016568,UFOM
10016557,Yjian
10016127,彩黑头子
10016043,The Gottito
10016000,secretmana
10015114,渡东
10013871,Ciptok
10016017,MiniTV
10016003,DavidGogginSSS
10015984,Shinzei
10015961,Lenebl
10015956,i2qgeniy
10015937,Abel
10009329,cpirra
10015946,Sib MoZ
10015930,lox123
10015919,kmlxxhiz
10015926,CPBR
10008823,RedMonster
10016113,JuicyWet
10016100,fear of god
10016085,blastalolQWE
10016056,Sanoriel
10016060,Sapphy
10016065,ezzyzpzzzy
10015595,willbefinexx
10015576,Kiskakaran
10015581,miyotoma
10015553,cryptoch
10015377,Predator04v*
10013495,ShaKiRi*
10015316,akamotos
10015283,ChavoKogo
10015291,kenlim0634
10015286,Dizzua
10015210,Pakito
10012223,persik
10015160,jeyrich
10015116,attention seeker
10015082,Br0d3rn
10015063,Snuffles
10014999,Hannahbee
10015017,EmeraldMind
10015033,Abdul
10015046,lengjing
10015004,Lynnie
10014942,Naatsoy69
10014939,-Sk1tels-
10014845,KUMAdx
10014840,Leoelpapi
10014820,Nasvai322
10014826,aTa000
10014458,Licht--
10014682,Moozylp
10014652,Azrael
10014649,Chinasora
10014656,Bayze
10014485,mistermoralb
10014632,neptune
10014472,faye322
10014624,Genius
10014556,Yujin
10014525,SEPANTA
10014505,Zapcrash
10014488,mwqpb
10014530,Annatchi
10014510,Creepachyoo
10014448,L0tfi
10014467,Eledhwe
10014460,kubox9
10014444,哈哈哈哈哈哈哈哈哈哈
10014026,konhzi2
10013904,Jons
10014051,Cro
10014048,dead2late
10014002,Eno
10014041,Dineikerrr
10013912,esgenoth
10013920,realslunk
10013925,AFGANISTAN
10013951,AbobeFilter
10013941,MovieMake
10013965,Sky_breaker
10013958,AbsurdXponnt
10013911,bipolarkkid
10013929,chilen229
10014015,PTS
10013891,help urself
10013476,HuNTeR
10013522,karna
10013487,Bas
10013481,f1ra.
10013027,Snook
10012774,燕双鹰
10012887,bellemiku
10012906,lakrica
10012898,tumor
10012884,smokey
10012858,叹
10012831,Asfreed
10012802,nobody
10012779,CUCArachaa
10012539,mayday-
10012534,Fidget
10012513,iv.matvei1
10012492,AnyNameWorks
10012479,Braindead
10012372,JALG
10012441,LionMan
10010035,AMINN
10012351,Y_dde
10012254,kplre
10012240,Cuba_L
10012235,MikowaCrush
10012233,doctorbum
10012225,ReaSøn
10012218,luh geek
10011955,Pet_Cat
10012008,Kaiyeo
10012000,btf
10012013,CabEzAz
10011971,jtr
10011905,Omanjke
10011843,cashcarter
10011816,FaMeY
10011649,supermeatboy
10011624,wrdfxd
10007856,Yatore
10011570,Skywrathmag
10011581,dffect
10010657,Tokaya
10010748,lndra
10010757,Rye
10010479,Soy
10010344,Badral
10010426,YuFeR-
234436,leone
10010448,Saymyname
10010364,云
10010491,Ya_Spirit
10010500,倦怠
10010495,zenicafun
10010484,keppie
10010388,alone1221
10010410,y.o17(mute100)
10010405,Vonlaust
10009638,Akame_Jan
10010512,ybdomi
10010065,MashiruAMS
10010020,Kheops
10010047,skopalovedance
10010013,requi
10009929,Вайбмен
10009924,outwrld
10009820,tpd
10009812,GOODINI
10009808,harkon
10010073,Jamez
10009391,Mr.Choco
10009172,Mad Frog
10008808,TWasTheDarkestNight
10008861,Staywithme
10005944,Thugger
10008974,Bezzy
10008991,debs
10008983,Андрюха фоланга
10008970,Харковская Водичка
10008777,Vоlshebnik
10008774,never that
10008580,Luminel
10008565,Habibi
10008338,154895784
10008214,Treacherous
10008250,scy
10008308,spec
10008236,animal
10008379,Imp3st
10008018,Kyu
10008023,Raze
10008033,RageAgainst
129281,R
10007036,zenki
10007451,vidi
169471,KaLay
10007122,Calmy
10007079,魔术师
10005661,Diteng_Dad
10005632,Dragneel_FH
10004961,Neotrox
10004981,lafas
205921,Molinahaaa
10004974,1236987412
10004841,wu
10004854,勾勾
10004845,Aquarius
10004338,Logiebear23
10004950,AlbinoTurnip
10004940,jeliBreach
10004937,Ghost_110
10004923,Host1
10004929,SOUPPP
10004896,8553400
10004901,impossibleto
10004882,crescnt
10004874,HentaiBoy
10004865,NURSTAR
10004491,Moon
10004675,KodooKTempuR
10004671,kohaw
10004639,partsasquatc
10004628,valhalla
10004552,jarpol98
10000074,Dark
10004444,As.Mo
10004397,geuel
10004394,An4log
10004348,pedropjsg
10003941,Mangusu
10003710,greeniezt
10003761,jumong17
10003768,Sharang
10003678,Cletus
10003638,MS
10003606,lilwar
10003610,Daivid
10003667,BeforeReal
10003642,Leito-
10003662,Painkiller
10003586,Testeri
10003480,west1ce
10003580,mje
234967,Nekki
10003324,n3t1nh0
10003220,Jiaxxwu
10003033,Gusttavin
10003031,Jessie
10002544,scf
10002564,Finath
182348,TTo3uTuBHblu
10002525,Pipster
10002409,Fae
10002392,LukasOP
10002383,SamPai
10002418,couldnot lie
10002375,PbI6aaa
204740,konservax
10002355,P2naruk
10002352,Maulana
10002247,Zeref
10002230,bbclassicKL
154146,snphoenix
231145,yaai
10001609,InsaneEra
10001600,123qaz
10001597,Drowhero
10001604,IronBee
10001589,Samael_322
10001576,so_ka
231045,secretdota1
10001536,JohanDILA
10001114,Mira
10000914,solaris
10000853,BrodoBray
10000694,gectordniwe
10000117,sylvarax
10000122,Infi
10000246,AciDLemon
235411,bacso
235020,Squirrelface
235012,Nubcake
233716,HellJest
233318,Diplodock
233306,iAMshaking
231039,Valentine
232016,igrok
231936,TerraByte
231973,ddkKoda
231983,YouAssBee
231951,juixyy
169717,loveh
231729,snipyo0o
231557,For-The-Hord
231551,Pineappledud
230787,Mishacle-
230780,berekerich
228646,Skyll
228709,BurningFY
228729,perroloco
228741,chorota
220384,old white
219465,Davit 
220718,Themortaldan
220696,johnnycrypto
220970,Furysyzy
220998,STARSMATADOR
220648,wi7hlove
220559,Dante
189006,RcK
219972,mercypls37
219999,HyperG3nesis
220023,Clamburglar
220072,Fuckthisgam
220046,gofsociety
220091,invencibleQ
220083,Gokuzera
220104,lipsnaldo
220056,xPinhoDota
219322,XDXDXD
219887,VarSlax
104489,panda
219797,oleshkas
219786,EvilArth
219727,dota2_player
219709,Monstr_kill8
219749,Azaaaaaa
211694,w゙
211758,todonda
205355,Neorno
205419,morunaja
205326,mitsuha213
205307,ronannn
205930,ilushan-illu
205920,ALIK_xuy
205933,qsnakeee
205689,gialgia06
205461,AEvgesha
205888,DoomKa
205894,Autoattacks
205844,smg9394
205862,falconpeluca
204942,alcolata
205737,Bartsake
205039,qiaz
204971,freeze
204977,skullkid
204724,WirZZZZZ
204957,SilniiTyama
204739,JoraVandal
204715,GHOSTIX
204707,BadManKek
188603,dreKy
205252,dusadaslayer
205215,NoLifeKing
196376,Archie
170068,catplus
188744,Sovereignd2
188496,MASHA
184695,Shion
182132,djjohn
182113,nicklasdean
182855,Waikiki
182865,DETRY
182843,QueenOfBlood
182833,SafeLane
182810,GGHollywood
181326,noragami
181280,Oirat
181367,Skorpion
181380,grand1705
181294,Nesell
181267,cRazy1337
181222,Carnifexxx
181235,Kezef
179352,HaMaDaa
170078,kamikk
169615,Cminor
170042,Canylk
169640,ILLLLL99
169533,Gronors
169585,inftheslayer
82556,sTeeP 
169520,Harmonie
169488,victor_kot
169733,spksnake
169948,maagiinext
169716,JyuHeng
169699,malik65
162163,redshanks
162212,scoopjackson
161996,Aretes
162191,-ddx
162185,mogur
162331,baba47
162324,nion_34
162315,Nevaq
161957,fakesegaa
161948,Invincible11
161856,AnimeVarenik
162033,zuphye
162016,sirelune
162080,evilash
162068,pyt1m1
153963,izanamidota
154002,A4Y
154305,darknesshank
154322,FY2015
154288,andixd0
154295,Immortal_pd
154137,jhenpasia
154112,King249
154087,spicagl
154078,looperdota2
147510,Lomberg
144453,skys_
144365,Degrod
144396,Lucky_Hero
144884,0zik123
144877,DeadlyDuck
132953,ATheSpeedOF
132736,AnkidOt
132688,virousm8
132724,ZoGraF
129820,T.O.P
121821,doney
121814,ohmed1231231
121844,chappy228
121825,Luchador23
121838,SowlEye
121704,DonDaSh
106062,prfct-Eclipse
100801, Lykus
97044,kalter
97070,kukuku
96699,OneTimeGoodOne
10016931,SaNu
10016925,Nedilmik
10010989,Dr
10011015,As3ad
10010538,Jinkioq
10009068,Kahol
10007851,miero_
10006525,Александр Силивончик
10004738,hpp
10006522,Кирилл Царев
10006419,Clowuns
10006404,Death
10005633,Arrow
10004457,abraXas
10000263,斗圣
10003098,Something just like this
10003339,Libertus
10001985,S
10001672,RUTHLESS
10000544,Godzhand
10000533,pise4ka
10000234,S!M()N
227723,Pineapplefruitdude
227962,aokigahara
227590,ToaDBosS
231972,BluRayIllu
232053,PipBoy3000
231125,Podjarka
231160,astee97
231230,malmuher
231231,moh
231202,TEMINALOVE
229658,SKANASUDAIDI
229629,aguero333
229646,kedrisoo
223089,Feaver
95815,Badman
214602,Mystery
216408,Relaxator
209014,ALEKC
207237,Fastym
207242,kaiju
202109,Oozeeeee
104496,klim
178975,anaxadota
182347,Jim-Carrey
182336,AltF4_good
179927,litletradegy
180550,IndifferentDensity
153986,Earthshaker
155999,maRenda
161304,BrOk
148523,Cotocarlo
134553,loshara
130988,riku
130945,hydrei
68710,Kyo
113100,nick13oi
117002,91 woyan
111188,sk
111162,Mihanik
105471,BestLove-Jx
107978,Lust
105757,Flash
75091,TheFirst
105073,Docx
103092,ClicKeR
96156,pray
100081,oldburden
89035,ChriZZ
86830,kar3ina4kala3i
83598, DonXwaN
75857,Clanton
68178,YK
66965,Italyshka
42165,Ranto
37260,Kaizer
42156,CHOAYA
10015727,tash_dina
10014738,ferarri_430
10014728,yary
10014890,udik
10014903,刀塔_Asta
10014912,Boa XenCock
10011787,StrimanS
10011742,3aбepиTe MeHя C ПaцaeBa
10011761,seishiro
10009716,Беззубик
10009706,авырпа
10006796,AsYouWish
10006772,echelon
10006294,All.Brooks
10002647,Dirty monk
156170,fading
152045,Kapplin
91362,PhoeniXAgustiaN
87833,kaibutsu
77202,Vyperr
77186,Konichiwa
77194,euN
74703,t0ssy
76172,GASIOR
73374,Freezer
10017168,Adrian67
10017009,Nero
10009954,Austin
10017029,Mistake
10017010,b3ers3rk
10016136,Breakable
10016721,icysnow
10016648,dota 2
10016687,Vacok
10016635,Deancc
10016622,rekkusu
10016640,KiyO
10016674,Colin
10011635,FoxnQ
10010451,wtd
10016583,11-e
10016578,bekolim64
10016561,dailbesh
10016604,stevek49
10011920,Zexxiii
10015973,bigfatbee
10015978,Tenebris
10010029,Negative
10015312,性情中人
10016119,爱哭小猫猫
10016124,Aofeng Yu
10016132,本泽马本马
10016053,RayoRojo
10015988,rRsn
10016038,Gagaa
10016033,Feitangoida
10013803,Sh~
10016020,zxcdesolution
10016014,getmeoutxdrofl
10015997,zendog
10015990,qoqsik
10015942,Lokie
10008229,mudi
10015915,delo
10015933,IceBear
10016082,GLAr
10015564,Z(x)
10014173,WindTouch
10015164,Shayansc
10016091,THE PHARO
10016077,Norgan893
10015577,Conan_666
10015550,econsavee
10011806,Outside
10015374,芬必得
10015363,Kybick
10015191,SaiTaMae
10015186,StalkerxD
10009882,RanFuDao
10013502,Gakkilove
10015078,5five
10015071,arthedox
10015059,iwontdateancient
10015011,4se۸
10014981,Mossiz
10014985,Yooowe
10015010,52zero
10010321,出省
10014832,Mdlesalent
10014834,cefn
10014946,MIKSOMIR
10014951,katsuro-1
10012749,Matsarallow
10014482,-Butcher-
10014514,UnLucker123
10014809,KEKS228_
10014817,Macao
10014814,t3tsuyasha
10014238,Max
10014231,BadR
10014235,ArkaNa
10014677,Ostapiwee
10014521,Delsa
10010445,door
10014635,PeGaSuS
10014499,reecyuu
10014454,Fr4nqq
10014023,Satan-
10014037,КрабОК
10013856,bbno$
10013994,pain2024
10013979,CHAMOUNZX
10013955,girafganger7
10013947,miko
10013916,gendoziq
10013875,twenty3
10013884,isa6071
10013825,Nomadyy
10013836,KremSoda
10013498,ken carson
10013511,yb`
10013444,神乐
10013462,Sky-Rzn
10013459,helori
10013447,haha
10013438,唐山川圣面馆
10010501,CloudStrife-
10013047,H8
10013046,Sani
10013033,play
10008038,Lukyno
10013051,Elya
10005704,Ugi
10009346,flownee
10010441,Salivating Salamander
10010694,麋鹿
10012909,Giga
10012903,Z BOT
10012875,erieerieerieerie
10009839,MemZi
10009306,ZXCDEADINSIDEGHOUL
10012881,t1eru
10012851,raspberry
10007323,Sh
10007792,Dav
10012861,nanassshi
10012198,Ruby
10012810,D.B.A.A
10012210,DoubleEspresso
10012763,swayg
10012771,Cierra
10009871,Nanako-
10012572,国王
10012571,расим
10012561,5YN3R6Y
10012556,Buzda
10012547,KyuVan
10012514,blink_feed
10012526,little bit upset
10012531,Сектор
10012523,TheClownGod
10012484,ji
10012497,shervinsdt
10011933,Yor
10012489,ashes
10012451,gyzik
10009220,Ryuki
10012354,v1231234
10006614,DoDo
10012411,нoжиk
10011881,Matrix
10012336,q1273431698
10012250,RoGuE
10012243,Talentless
10012224,Naitsu
10012213,Anthony
10012216,Imba_stinger
10011900,lolka_76
10011932,El Condor Pasa
10011874,gablno
10003686,Wu
10011826,Moreno07
10011609,Revenger
10011562,diedae
10011616,Elheraldito
10011607,Redretis
10011590,Odysseysolo
10011549,TIG_Skadi
10010828,Desire<
10010926,Nature Lover
10010673,Aiden
10010797,LooMisT
10010710,CobyBeef
10009964,GoldenSoul
10009956,Vergil
10010703,Sunny
10010706,Saidock
10010682,Nezabydka
10010791,OK
10010754,teabag56
10010669,Kuch
10009912,Bat-UlziiAK
10010740,sosqua9
10010666,jmann
10010716,Kaio
10010770,JJJJules
10010436,Sharari
10010713,Pann
10010759,Balde de KFC
10010427,S e d e T_
10010723,Funky
10010699,Darkness
10010527,deadzoned
10010339,Jb
10009778,gondry
10010461,Mochila.TwT
10010328,LordKinG
10010351,The next level play
10010403,Psychopath
10010398,life
10010433,Sadly
10009844,chill-
10010506,Rk1
10010489,H1kkar
10010372,малыwka задумалась
10010419,Fuzer
10007157,Chef
10008289,Namikaze
10009883,Stariff
10009823,YYuuYY
10009981,先知先
10009969,misa
10009971,Nature_Lover
10010061,Wolfy25
10009866,Road to PMA
10010056,c4
10009968,Akira
10009961,Sun
10009875,Marinero
10009880,Dekar
10010016,fsnc
10009802,w1tchbladee
10010054,пi$юган
10009940,Kaizoku
10010042,svinobliad
10009995,20 yo suicide
10010000,kalayder92
10010009,An0ther
10009945,01011001
10009829,L4rks
10009797,Heydem
10009816,FUCKDAPOLICE
10009768,rnz
10009988,Wayto
10009917,176465697
10009908,Young
10009623,Jomari
10009564,Zaxirok
10009635,Stimper
10009531,Rini
10009612,Baboonistry
10009576,Snooplion
10009393,Imperius
10007787,tmv
10009314,csky
10009343,blade
10006968,Impest
10009319,PeachyBell
10009337,Despe
10008806,melvin
10009054,fxrs
10006726,Hitman
10008865,Gaska
10007202,you_K
10008821,Lord Gure Leiman
10008854,PeneRoska
10008850,Loscua
10008832,Francis
10008999,CoPaTHuK HaBaJlbHoro
10009003,WESTERNBOY222
10008985,Sadistic
10008787,Re$pEct
10008966,azafromtdk
10008961,zxcinsanee
10008215,Iron Raza
10000708,Negga
10008576,Mb7
10008333,195072449
10008341,Des1re
10008331,212011074
10008500,stoked
10008206,Jiahao Luo
10008263,ftr
10008257,Waddling duck
10008222,formannewyork
10008387,Rezzz
10008366,kosoyy
10008376,CHEBOKSARYMOSCOW
10008356,Flo Bot
10008014,Zen
10008007,t-bag
10008026,Jeroen
10007995,Kaisa
10007997,Sh
10007984,Jay
10007981,north
10007917,WOLKER
10007928,Fespixx
10007926,kokix3
10007937,Dreamalb4
10007932,Rebi
10007464,Angel Prince
10007042,G.O.A.T.
10007134,DottMySaviour
10007454,/
10005624,Jst
10007136,Re:0
10002432,old Yoda
10007178,haoyuduan1995
10007175,Local_butcher
10007142,yung2k
10004723,zgvdz
10006886,欲速则不达
10006291,MasterRisk
10006869,wxnnxcry
10006858,S0ad
10006714,xmp
10006731,papap
10006689,76561198125784995
10006674,123836241
10006667,203463490
10006436,xxx
10004730,gk
10006440,abaaba
10005995,pVN
10006085,-_-gangster-_-
10006089,Caxa
10005648,Zaza
10005641,ownedbtiches
10005637,alexandr932
10005625,KennyO
10005360,topovayatyan
10005367,grd
10004991,Firemystery
10004832,boi
10004908,LuckyLeha
10004968,karasik123
10004852,Yo
10004944,Mateocos
10004835,Lasha
10004932,TahmaBro
10004311,Dzirt
10004700,M0nst3r
10004702,Carry
10004486,wqsk
10003029,liminality
10004625,Midoli
10004647,Lice
10004556,Kitten
10004417,SenseiRaven1
10003994,Saihanhorhog
10003108,Rap Rap
10004074,ZxC
10004069,Divine
10003949,kurokami
10003963,Jahan
10003943,Maejick
10003755,Amit
10003705,DarkWend54
10003646,Sticky
10003602,Guandians
10003651,YuMey
10003656,fempet
10003592,BlesS
10003477,ZeFear
10003295,BanHuskara
10002997,gpk123321
10003041,Denis6k
10003050,JKuotes
10002264,nelsinhorox
10002872,WeLULnow
10002869,kthx
10002541,Finalflashh
10002556,Shaggydog
10002532,pudge2002
10002306,MEGApasha
10000633,gabrielitox
10002388,johnnybegod
10002370,yet1god
10002424,锈匙
10002294,cool
10002305,RAI
10002236,M0LLY
10002273,dya
10002267,heitorp
10002278,zinnombre
10002242,taburi
10002241,Kakarot
10002226,Sohai
10001641,DizzyVD
10001632,Dondo_ezgamw
10001540,mskialacrity
10001629,fatedtowin
162063,yabyooo
10001529,duta
10001556,onioviva
10001561,L1nkDxd
10001116,K.rolzinha
10001104,Way
10001106,BrishBrish
10001094,Laari
10001102,zzADRIANzz
231008,ChefCurry
10001105,Boricua
10000726,heimdal094
10000848,DjWata
10000693,INGVARD
10000716,lehaLS
10000627,ecChaoly
179358,oDu
10000684,ArMaG3DoN
10000681,sgg6
10000677,kremlebot777
10000655,brameasy
10000370,Origami
10000507,Field
10000483,Eighten
10000490,Frost
10000472,Phanthom
10000515,Tobz
10000502,zczczc
10000495,DC
235410,Gwendolin
235403,johnjohn
235555,NitroZeus
235532,mailz
233313,tabletka2400
233457,zlozlozlo
233310,Spint
231946,olegtum
229643,unterwasser
231182,poli1130
210402,Saitama
231724,Takwaedo
231742,DrClobbers
231565,MrMik
231580,iNSaNiTYg0d
231588,VoiDstoness
230702,Samuel
230712,TheONe
228638,lastinyourbrain
230793,toki aki
228665,bloudsoull
228658,Black_hamster
228651,Lightssout
220986,delaghezy
220991,gh
220890,Tralf
219877,WWWWICK
220713,Tabibito
220992,gh
220924,shenlong01
220636,shexali
219980,DOGSTAIN
219989,jodota
220012,amount123
220089,logannnnn
220109,JMEsc
220067,Klotz22
219442,grootvsgroot
219318,Swordempire
219717,Shh8by
219776,Chayyyy
219756,zhengnehz
106061,Vlad
205210,Stanl
205412,yienhsyl123
204758,Fringe1
205440,su-
205876,frantic93
205763,ritsuxd
205893,txhyoo0
205853,pikabooken
204637,ymcmm
144395,Xoxotunok
204764, freepro
204780, Delphinn
205009,qingyizeng
205193,Dustter
205205,skgadiel
205222,Timito
162052,vlaicu1113
189010,a4xn3
204916,sacrie
196171,ekfez
196163,valera777zz
196100,Tdz
187996,Garb
131140,mamakclub
196101,H2O
188750,bardoo
188601,plusminussss
188492,Buch91
188021,fugaa13
188010,kingteka
188018, gabrielitoxDLC
188002,edencmx
185207,Sockshka
185208,Archangel
185189,wonka
184561,sujibae
184557,danyheatley
184686,solaris
184692,Damorith
182119,silverhazedota
182098,SiK
182093,trustme
182087,opDilemma
181142,green323
181134,twaltre
182805,vladcongrats
182879,otkaz-sistem
182828,LLIuLLIkA
182873,araxis7748
181374,mitteRRR
181358,Mazadox1337
181340,Swenst
181249,Doom
181288,Smert6621
181387,MerVing
181321,Chepirka
181347,domenigo
181334,yolopro228
181312,NewOldOnePlayer
181275,15uvilud
181302,Alfr
181230,santu4go
181256,Teddy-.-bear
181243,Mrboombox
169432,ManTou 
170086,sashqa_d
170054,eLe7k
170028,oxexl
169612,iQizqq
144493,GCBuzzyy
169557,eXr1A
169579,ac5
130117,Beast
165043,Jinjiao
169723,alonso_tvm95
169740,heztuf
154125,tikonauser
169980,OkkirOnihsin
169956,deathtyrant
169712,syesye
169685,tieungunhi19
169707,lohweijin
169693,xyzau
161977,ivane66
162225,T1E
154258,jefreak
161941,stlf
162529,tjsdn5466
162011,bursterchay
162046,Superbiaaaa
162087,clefangxia
162040,bon02
162124,Csx
130784,Yyim
162129,小福
156003,fatddd
131631,kikoni
154072,raphaelzai
153984,Alternative6
153994,Fakedeathftw
154252,zai332
154119,mack2x07
154272,NT
154265,sweatpantsc
154283,grazed
154303, Welsch
151277,fredpro
154094,ducdendi
154012,OpenYAGAMI
147515,Vitali Damastoi
74684,vlado
144417,Seniorhydra
144957,interpol28
144879,PheeSoloMeko
144937,IrockHard
144940,Kehw
144946,ruru
144962,Morgion
130971,SHANKS
132731,zogzag
132719,BLOMBERG-
132743,errnee
132708,nausea
129313,Luffy
129374,TsingtaoSky
129393,BeneD
129305,vans2501
122802,Sam-PaperChicken
114985,C1oud
40735,SYDM
110375,young-daliuxitiernia
100472,Key
99157,GASHAMONSTER
97232,District 12
96802,M1ke2
97704,EoT.Cast
97020,DnG
97039,malqwguru
97014,Miasaki
97026,Vib3R
97109,M.QwisTa
97077,aodh
97053,Fact//Fiction
96945,Jesu
97011,SerVa
99554,Paseo-Nma
99421,IIIIIlllllIIII
85270,half fried egg roll
85903,Risk 
79942,triv
78033,tr1v
75609,guanzo
75615,Knuckles
43551,VladTepes
10016994,Sanskrit
10016934,Irohha
10016929,Cold-
10016927,Billie
10014171,Mnz
10016941,Sy
10016880,Knivezy
10012705,VooDooSh
10015380,good_mma
10003855,Ubica
10015107,Fruktozka
10016838,Артур Бабич
10016605,МУККА
10016615,BOOKER
10016484,mbaype
10016682,Degi
10015764,sony9sha
10008174,Korb3n
10015295,FlexSlut
10015359,BUSHIDO ZHO
10015358,SEREGA PIRAT
10015307,Mildixs
10014664,gaechka
10014674,Creepachyo
10005706,toyomaru
10011018,PuZzle
10011145,Danila Gorilla
182351,shisp
10010934,TKC
10011059,worlocK
10011036,HUSTLE
10011006,soymono
10011002,PHI.Anis
10010992,lft
10009239,\u4e36hidiegod
10008425,cenra
10007797,clown
10007495,Luxury
10007497,Fill
10006963,Corey
10006986,123.Hz
10006486,KDTHEGREATEST
10006487,LemakaRovel
10006506,Mesubata
10005075,9impulse
10006494,1NHO
10006358,SmartSeven
10006512,Tmate
10006575,Brandon Boey
10006416,RiSE
10006289,psychodelic
10006214,"you,k"
10006058,Sign
10005767,Feint
10004452,Niklaus
10002976,frozen
10003216,derppP
10002753,Kress
10002800,Baosu
10002721,181288255
10002430,pijamaenota
10001991,?
10001748,斧太郎
10001741,ANDREYYYKA
10001737,Hoodoo
10001427,Lat
10001678,xxxfr
116882,TBA
10001413,rb'
10001026,Arrow_Ice
10000652,gm
10000596,delfinos_cocoso
10000562,Lesserblue
10000549,Xn
10000548,小郭嘉
31329,PAADA
10000338,ACE
10000291,Drynxx
10000348,Notah
10000238,Double G
233174,Wiz-
10000061,Ferdo
234968,Brian
234964,mickee
227921,Dacster
227742,Steang
220008,Bcanavan
228275,ArrowIce
227600,Animal
227610,Dr@k3
227595,PasoŁŁ
227557,Sip
232001,gkhndrmz
231168,OdeseyNedoma
231138,Cybernet
231236,TulexJeGod
231212,Ksg_
231201,glennmoji
230259,Creameister
229654,mahrez
227508,LaiN
227516,Shelter
221906,BabyboyDimos
226366,Sc!
223365,Greedy
223370,LokarN
223416,Love
223394,welostgg
223437,Cookiez
223430,Kbrajo
223293,Love
223295,Kbrajo
221980,Jesper Hassnen
223189,Rycko
222361,Jame$
217280,ShadoW
218112,chen ping an
215800,Yogurt #2
209096,PAVEL
208978,Masterpice
209030,Fluffy
209002,VALERY KARPIN
209010,eyepatch
208966,flowka2
208998,Kill_in_Head
208992,kirill.q1
208970,Pegasus
209024,Mystik~
209541,Lis
209540,FeiMao
202186,Sun9
197800, tre
198624,bus1ss
195608,mTinH
195622,holla
190643,forgive
183618,Red
182964,tigerlily
182332,ConWar
180541,340glebas
171898,passing by the world
171883,District12
171890,GEX
171763,Crush the world
155996,qwerty
161319,sh3r1ff
161312,YARSyo
161321,Vladimir Maskaev
157804,Slavi
136540,Anderkent
137316,Dodgersdota
149919,Topsu
131124,slayer
134445,Yuzu n Dash
134443,akvarium
131139,mad
131144,KSPR
131133,Hendrix
139703,xK
126686,Zapport 
120194, miraclechipmunk
111158,NixchkA
105250,ragnarok.us 
105732,Oga
32241,DIE-
105710,Mr. Bombastic
105716,Ws
105738,Tuguldur
105166,Bamboe
105072,multiplayer. - wong 
104048,Stand-in
102565,MLG22
100287,MzR 
103077,Bayabas
98238,JesusStick
98921,Paco.kr
100295,lana
96162,Aqua
98233,Genie
96152,Jodie
98462,JK-QQ
86819,milordgnilomo
85085,Uranium
84112,Maples
85743,Daario Naharis
82455,MojoStormStout
73996,Taipolime
75354, Reeves
75349,pussy2000
75096,raztvi 
75082,  Reeves
37499,All Beauty Must Die
42107,karake
10016882,fckmywayup
10016337,psycho_k1d
10016282,dungeonlord
10016217,bloodiceq
10015713,notk4iangel
10015703,gray<3
10015723,quze
10015733,1off3player5
10015718,Geduikin
10015708,skrinlove
10015420,Mugiwaraze
10015393,Moralb
10015449,ursanyapf
10008678,Potya
10015434,Shambles
10015439,DDNE
32273,Георгий Фалеев
10015410,frá ragnarökum
10015425,k0de
10015367,fraqqerz
10014882,ilovefear
10014918,SɇȼŧᵾmsɇmᵽɍȺ
10014877,sho
10014908,bl4ckthorn
10014776,asd222
10014156,dgN
10014161,Samusplay
10014167,Light
10014179,Lyse
10014184,Aryan608
10014194,darkke
10014165,KiYoSh1
10014149,Trickster
10013644,Betelgeuse
10013613,Mefesalt
10000155,Lex
10012681,Ulti
10010204,dabex
10011782,DexY
10011779,Gspott
10011752,MY SOUL SOCIETY
10011735,kzxwzr
10011766,chmonya
10011747,Clarity
10011757,Walter master
10011728,Outopie
10011532,spb businesswoman
10010861,low skill
10010847,мальмон
10010856,Pica
10010885,Egjuns
10010911,hag
10010882,notbobbobby
10010566,djfemenist
10009702,ellielove
10009682,simlaxgod
10009687,Mr.Prool
10009697,MrKik46
10009692,Twi1ight
10009662,Valkir
10009648,2B
10009646,Solaris
10009066,zhen_xshen
10008882,Femosabe
10008877,Heyr
10008912,nastya nyashka5pos
10008887,empty
10008897,BANDANA III
10008907,joneybananas
10007618,Karmannik
10007614,Чел
10006967,奶鹰
10006877,Dys
10006853,FARTHER
10006804,sch~
10006825,Temcha
10006782,p4lma
10006837,Dest1ny
10006770,yulch1q
10006816,olaf
10006765,Vac0
10006823,WWay7
10006793,KD THE GREATEST
10006808,Caramon
10006299,Saveff
10005813,Wada
10005804,xxx
10005818,Mikka
10004714,jester
10004725,Reaper
10003488,Showman
10002165,Dirty
10002170,lpshade
10001662,SelfMotivation
10001152,NIVISI
191758,irripetible
191720,executioner
156201,xShadoweR
152054,nothingspec1al
126410,charade
113274, Mutuu
106847,Chess
105907,Unstable
105906,pashaebashy
97869,frozenbr
87650,DD
77166,Trickstar
77175,LeeKyuri-Natsu
73657,Luna
74595,because i love u
73666,broken_dream_
76123,SKERDI
76115,qdd
76109,wadudeserv
76103,KoreanZombie
73378,kLasyNKy
10017171,Austin22
10017152,Freshness
10017160,pxreezy
10017134,Hektor
10017137,Bellenced
10017025,YukinoN19
10016999,oh_wonder
10017021,Gente1men
10016644,judeau
10016700,Mockingbird
10016705,Melfisto
10016680,冷静
10016666,Robin
10016676,Budget Dendi
10016627,sL33pwalking.idl
10015051,Fury
10016621,monkjke
10016575,piromanich
10016588,zkwl
10016596,swelpers
10016569,-fz
10016558,ZZZZergg
10016048,meowmeow
10015999,tiqqi
10016024,pearl
10016018,Mevv
10015976,ksuuvi1
10015985,T1meless
10015965,Rich1k
10015962,Qruixxell
10015957,VLEXFLEX
10015941,MehdiV
10015938,Voker
10015947,A.oNe
10015920,AkuBi
10015927,PocKetA
10012509,N9shot
10016140,El Tio Clinkz
10016104,ALWYSWANAFLY
10016086,who1sgreen
10016061,Thakia6
10016066,sexylala
10015650,楓
10015573,eueueu1
10015596,ESKIMOS
10009647,TeaGuvnor
10015378,12345or6
10015287,professordoto
10015159,S1zerUA
10015117,angry mf
10015083,elasse
10015064,adriantaken
10015000,Mindtriks88
10014989,Ganal13
10015018,casino
10015034,LOSTAF
10015047,HZTY
10015005,HXA
10014963,elsanson
10014943,Night00000
10014940,Kostick7
10014936,uiogha
10014846,zxcvbnmx
10014841,HarlyDNC
10014821,Forbandelse
10014049,makarec_
10014535,Str1ke
10014657,papi fresco
10014473,BoanBoan
10014477,Shindota
10014557,Asuna666
10014526,xxshadow
10014490,konifa
10014511,nao_nzk
10014449,T-7chay
10014468,MertKD
10014027,quyuan2234
10014003,oenf
10014032,muteq
10014044,Flare
10013998,manavkunte
10013921,Spykan
10013952,MyrziLbl4
10013942,vrusin
10013966,yanegi
10013959,Wizzard_DT
10013913,dendykage
10013930,soppi228
10014016,dreamflare
10013892,водный
10013848,Ghost-
10013477,"Re""Fresh""eR"
10013491,Narcotics
10013484,GhosTsCouT
10013482,bount1
10013471,Klown
10013028,Walrus
10012888,Kodo
10012907,STARSET
10012420,Savior
10012899,SylarCc
10012885,AToMiC
10012853,Berry
10012859,Strike
10012832,magnificent-
10012781,XtiAN
10012780,Moons
10012540,batya1337
10012535,Friend/OSPL
10012480,Takamaro
10012482,Нoжиk
10012373,Raincawa
10012442,kaizen
10012364,Liank
10012352,stven18
10012241,Scrapy Coco
10012219,bldiface
10012026,Kirassoo
10012017,Mongraal
10012009,hollow
10012001,corei3
10012014,RASSLORD1
10011915,FatLips
10010534,Jeremiah-
10011906,Pasha9up
10011891,yoyo906
10011844,PussyYourMom
10011822,wasteland
10011647,NikitkaPanda
10011625,Fanarikc
10011596,mitsume
10011571,zxcArtem
10011582,tixo_grustni
10011558,Uglier
10011554,zerocool4071
10010749,nshlyaxtich1
10010745,konoato
10010676,oyou
10009637,Den4ez
10010734,BJNDT
10010736,Tevin
65270,topguN
10010480,Yogi
10010332,jhonny
10010449,egg
10010357,Elysia
10010365,我不是尧神
10010496,BMartell
10010389,Нихат
10010406,Tethys
10009849,Deku
10010066,A18M
10009863,Tavao
10010021,KZA
10010048,Gavrik#1
10009804,deathsonata
10010014,cezar
10009930,Fr3m1
10009925,sscarlet
10009821,зомби крутяк 4 ep
10009813,751.300
10009793,.Naruto
10009809,natatamimode1
10010080,CL
10010074,Destruction
10009557,Mapu
10009396,Yuno
10008812,Triceps
10008841,Sun God
10008809,Will
10008870,happy.
10008862,Clay
10008975,sgdfefsdadfsgv
10008992,PLAYBOIPADI
10008984,walrus punch
10008978,Prophet
10008971,WolteRss
10008566,moufou
10008251,Vata
10008232,Chizuru
10008237,Kuro96
10008019,SPIKE
10008024,coachthesenuts
10008030,proconol
10008034,Zero
10007952,ogerim
10007378,Pablito
10007358,Nobody knows
10007372,Dame
10006863,xsq
10006101,hrm
10005662,dddddddxk
10005344,Tuzito13
111098,Ah-fu
10005352,zzkknn
10004994,Oliver
10004960,ik
10004980,Abylaihkann
10004973,D1mon228
10004949,Docayaya
10004939,arturasd
10004652,Dreamer
10000049,SmSw
10004900,notInvented
10004881,Dus92001
10004878,EllexWW
10004873,Evil_MaGGoT
10004864,ZloyUser228
10004678,Reason
10004638,FataL_CreW
10004551,Bertafon
10004416,Seamew
10004393,insanity17t
10004347,Geonzera
10004304,haroldliber
10004327,Jbbh
10003976,YaMi
10003760,ErroRr
10003677,Average
10003637,Just1ck
10003609,Akatz
10003641,kAi
10003661,PsychoTeddy
10003587,xWinkler
10003581,Negativity
10003323,mystiik
10003219,statham
10003315,xGod
10000907,Haaero
10003037,monkzboca
10002878,BRAH
10002545,tSwift
10002527,GKTA
10002553,Vice
10002565,gguedes
231024,yacdon123
10002550,MrBrightSide
10002530,Jogurtik
10002526,Senere
10002519,N4nn1
10002410,THICC-FIL-A
10002414,Lauda
10002393,maderada
10002384,SprizziDota
10002221,devill1677
10002419,开不了口
10002376,shiiiet
10002353,KodoK
10002262,bLaCkBeArD
10002249,VIGOROUS
10002248,xtaazinhell
10001621,wojtek
10001630,yoallen
10001610,lolkeklmao
10001598,ViktorChoi
10001605,KirushaSlaye
10001590,k1nde1
10001577,6o4huynh
10001580,shenosuke
10001537,zxcLord
10001115,MiRage
10000723,leo_sergio98
10000915,TOPSF
10000903,Mesmekr
10000854,Danya
235013,TinyArms
233717,MySeagull
233304,superpro
233319,Moon_maker
231161,own001
36251,PandaTank
231976,Reider
231984,bombomsanti
41182,NdD
231020,H1M
231435,Goaty
231730,GGMaFiA
231572,bestkreeyath
230788,SunRise
228652,kaneheartknight
228647,SlarD
228746,thetavo
228730,tapir64
228742,SummerxD
220385,sleepatfour
220719,rahman
220697,onemanarmy
219721,VofC
220904,Kyasuringu
220912,Origin206
220649,wokwokwokcxz
220560,Buda
220615,masterben
220631,Resthrone
220016,wolfdota
219973,Kyossss
204989,Killuas
220073,felipe17
220047,cloudramon
220084,Skinosed
220105,vSw
220057,zorakkdota
219888,oneshotpwnz
219798,tyffer
219787,4zvraykh
219728,Mur1kk1
219710,sealofsea
219698,Chibixx
219680,iptronn01
205356,idinahuy1
205390,wingpeen
205404,nhozboo13
205420,trinakub
205327,xlxlxlxlxlxl
205308,snootboop
205931,dima-tinker
205690,zzzisperfect
205462,lordwar3
205895,wecax
205825,FearTheReape
205863,cristian321
205738,Hobbitisback
204976,sableMC
204725,Fank
204958,atashik504
204770,1234777123
204716,verdelet
204708,concetration
204975,jjjmmmnnn
205253,sinsnins
205231,barekay
196377,ShiroHaku
188497,...
30556,MaNia
182133,HandyAndy
182114,Hubba293
182866,Rize
182844,westfear
182834,DukeNuker
182811,Fixor
181327,Monstrak22
181281,BrooklynWGH
181368,Meleeonedota2
181381,diz0r
181223,pazzogrizzly
181236,chiroe
179353,DaSh
170020,plsnods
144505,ooGEXoo
170079,rogue1
170036,jaja5
169616,Mentana
170043,CrashGod
169544,Amaz1nG
169656,minertank
169586,ekzobit
169521,inv1k
169489,Mr_Pram
169734,tacachi170
169969,helmyemony
169949,rebornmaagii
169984,RvN
161997,Mugiwara12xd
162192,Elfen-
162332,HongJW
162325,JollyGo
162316,realfastmore
161958,highsprite
161949,carydez
161857,SashaSini
161850,Suchenush
162034,qweronn
162017,gwgrand
162081,CROWLeY666
162069,Sindustry1
154306,HOOKRINO
154147,l3oyzl3oyz
154289,Slydoto
154296,mofeigodop
154138,-Panch-
154113,IMkiemthanh
154088,Light-S
154079,ExelystAj
147511,Netukka
132627,cristaliz3
144366,vsgrzl
144896,OberonOrdnts
144885,top1huskar
144864,DatNkZ_
132954,Mentana
132748,crioj
132689,Trashhdota
129378,maroungh
121822,angryandsad
121815,Z96Han
121845,LostStyle
121826,KGOD
121839,Drownage
121705,mirana
121672,Udav4ik
117115,fatdowg
32805,KingZ
110038, tomash5 
110047,d2n4ik
106400,Bboy
31466,Stalk
100802,Tolera
97045,h[A]tmez
97071,idk
98207,Danny 
43659,Darcfalco
10016936,ruby-
10013772,Perdeda88
10015351,Kindaity
10010990,Kz
10011016,Tullex
10010813,jmvincento
10010773,suttung
10006523,Эдуард Ашуркевич
10006532,Agzam
10006420,ayaz
10006405,Sky
10006221,Effect
10003993,1Drm
10003097,GuardiaN
10003351,x
10001986,????????
10001763,tittyboy
10000581,Mayday
10000534,perfomance
10000235,P0sitive
10000241,Flare
235598,Rehab
234024,XY
227932,ppasarel
104560,AhiLpnz
231282,Fudzi
232238,3rdeye
227591,Hawkie
144494,MecavaJePro
231974,spokeypita
231126,Essence922
231219,DoubleGDota
231241,TigranMets
229659,snx3
229630,Euthanasia_
226362,FuZzy-
193984,cus
214609,138bpm
209015,barnaba-chikini
207978,DarionMograine
207238,Ecko
190462,黄幕途
183285,Bogdawa
182337,Rejicer-
180887,twx
179928,InnatePsycho
179908,PayGan223
180551,Mo1e
147587,cta
161305,dancerokk
149142,dev1l1337
148530,ZoiO
139704,FlyingZebra
134312,Riens
130963,KnK
130946,AngryDevo
111163,Mo3ru 
105758,Link
102240,delirium-
102095,pain.grentxdd
100082,21-ChuanGuo
86831,myunde
86837,dragin
81353,maglevganktrain
75858,fatsnow
75351,Flaminis
75097, nemo
42166,Anarchy
42158,Soony
10015728,mrprizzrek
10014729,dattebayo
10014891,asd
10014904,obfey
10014913,ordinary
10014153,NoisyRain
10011743,Фортуна переменчива
10011762,Memoryrave
10009717,Ashenk1d
10009707,h8
10006797,Essero
10006773,kuzma
10006798,jekaSP
10006295,Forza
10002646,Rsj
10001659,Zaykeezy
158036,Lsannere
152063,Angel_
152046,Alone@
91866, JK-QQ
77187,kikimi
77195,spy
76173,taboo
31104,s0ny
10008920,ct0m
10017830,Бебур
10017834,balod9l
10017841,seksek
10017842,Melharucos
10015281,juodagalvys
10017870,akinator
10017871,NinjahTigah
10017872,Taimo-
10017873,RagnarTh4Red
10017874,mambawamba1
10017875,Pharmar
10017876,woaiyu
10017877,p1s1k
10017878,tosh823
10017879,dariakh
10017880,pasha_pip
10017881,vlad300553
10017882,GRUZIA_1990
10017883,RuPRa
10017884,Fingers19
10017885,kodozabijakk
10017886,Mewerickk
10017887,krvo
10017888,Drcc
10017889,MrJeezy
10017890,legacydotes
10017891,Iwillhateu
10017892,noisestep
10017893,jomba485
10017894,TorontoFun
10017900,Senya
10017901,Saeko
10017902,Ragazzo
10017903,selsostar
10017904,agent
10017905,mr india
10017906,thermite
10017907,Kalazard
10017908,therayou
10017909,Raicone
10017910,Fantassy
10011884,MOMO
10017895,Avatar-
10017896,SalarTea
10017897,Menace
10017898,Mani
10017911,Frath
10017913,PapaHapa
10017914,ﻓﻮﺮﺍ
10017915,I don't belong here
10017916,prince
10006627,deko
10017839,misolo3
10017859,Unique
10013886,dreamer
10017936,IHTL
10017937,KXT
10017942,NSEEE
10017943,皓月喵喵
10017944,彳亍的飞刀
10017945,alln1
10017946,大大狗下士
10017947,派大星
10017948,goblin T
10017954,Deles
10017983,WK217
10017984,Runninglow
10017985,Maxlaren
10017986,Yaggodl
10017997,mix3r
10017998,Akashi
10017999,Volition
10018000,Prapradod
10018001,Ihor
10018007,nyw
10018008,Coku
10018009,Xialon
10018010,aixeL
10018011,genius?
10018012,Classy
10018013,Grape
10018014,Yuzu
10018015,C
10018016,blanko
10018017,Dezkok
10018018,Yeya
10018019,Aboy
10018020,kolch
10018021,Jinn
10018022,CAVEMAN
10018023,never0315
10018024,Yayo
10018025,najoy
10018026,Lie
10018027,uwu33
10018028,cyrene
10018031,修哥
10018032,智力
10018033,Vanilla
10018034,猛
10018035,Ice Coke
10018036,谢乐zzz张泽中
10018037,rizhiywisper
10018038,opudalo
10018040,oliviardo
10018041,papavasya
10018042,exe
10018043,kdw
10018044,king111
10018045,KellyRose
10018046,Enk1do
10018047,kisey
10018048,Sensor
10018049,justwhittee
10018050,7cix
10018051,LostBoy
10018052,Aryuqee
10018053,April17
10018054,Cheiso
10018055,Makura
10018056,sensyara
10018057,life
10018058,stilldreamin
10018059,Omarthevillager
10018060,sosad
10018061,CrombastiC
10018062,Fl1ker
10018063,sacrifice1
10018064,tvisted
10018065,HomelanderNL
10018066,Andrew
10018067,stefan
10018068,recently
10018069,bulavesh
10018070,ttd
10018071,Feniks
10018072,nookie56
10018073,Kunkerr
10018074,coffin
10018075,ioiisowue
10018076,Fanker
10018077,Barababen
10018078,Gumbusss
10018079,niceemenn
10018080,4ekunec1337
10018081,WAT3RMELON
10018082,sushirubbish
10018083,omegalulcheats
10018084,pupsiy
10018085,yamakasi
10018086,mobileflow123
10018087,scally
10018088,Newf
10018089,Ilmeria
10018090,Don_7Sebas
10018091,ita21z18
10018092,Capitán Ginyu
10018093,PR4CT1CE
10018094,Pollo a la brasa parte pecho
10010921,Delight
10012394,morphe_ya
10015470,Ponya
10016734,Dangerlyoha
10017840,eccobladee2k
10017941,PVPeasy
10018170,Qeqoqeq
10018171,Lesni4ok
10018172,Rastyapa68
10018173,kopsteep
10018174,Сергей Горох
10017924,sailyn
10017981,georgedota
10018108,lamperouge
10018109,Loon
10018110,历飞雨
10018242,Jenik
10018243,Mustus
10018244,t2t4
10018245,Mikk
10018246,SenShi
10018247,aida
10018248,Hyorei
10018249,nata
10018250,LaeL
10018252,Gargamel
10018253,Twisted
10018254,MindFk
10018255,Volten
10018256,Mantelis
10018257,yushi
10018258,Profke
10018259,Gil3
10018260,DibiDus
10018261,aNdy_NR
10018262,Kaolin
10018263,Feng
10018266,Gago
10018267,PhanTom
10018268,Food-san
10018269,Krayzee
10018271,yopoman
10018273,Patience
10018274,Zblank
10018277,shaddai
10018281,Yorekin
10018282,LYON
10018283,Catra
10018284,Shadow
10018285,Melody
10018288,Sazoo
10018289,Marit0x
10018290,Yogi
10018291,Jodalepe
10018292,Kalev
10018295,Neo
10018296,Alee-
10018297,KILLER
10018298,Luzbel
10018299,LM
10018300,chroMium
10018301,Ic3fog
10018302,MojsLa
10018303,Consequence
10018306,Dara
10018307,Mr Diddlez
10018308,Payyd
10018309,--KeY--
10018310,Punjabi
10018313,Mortacci tua
10018314,GiPey
10018315,Sadept
10018316,Nerdio
10018317,Crowley
10018320,endo
10018321,DSM
10018322,leif 6
10018323,hallerino
10018326,C4deiras
10018327,ze sapato
10018328,Fake
10018331,mYiFlu
10018332,Fimo
10018333,Intergraphic
10018334,Blaechi
10018337,MerOne
10018338,Paradox
10018339,Noobisho
10018340,Loom
10018341,sabr
10018343,Reaper
10018346,Red
10018351,amaar
10018353,Dragonsoul-
10018354,L1ZARD
10018355,Mohg-
10018356,Bilal-
10018357,Sharaf
10018360,SodiqControl
10018361,Oss
10018362,Grizzzly
10018363,Andy
10018364,Majestic-
10018367,Hslyr
10018368,gsN-
10018369,kyoto
10018370,Soyah
10018371,lorki
10018374,Rama
10018375,Babay
10018376,Gorca
10018377,Pyshtyl
10018378,Kirya
10018379,Banan
10018387,Verli
10018388,Kuru-
10018389,Remy
10018390,Alu-
10018391,StYY
10018394,Shy
10018395,Zed
10018396,Chickenn
10018399,NzRaiN
10018402,L3N
10018403,Fate J1N
10018404,Empty
10018406,xand3r_^
10018408,Ahsan
10018409,serenada
10018412,Supp_diff
10018413,Martinshiroe
10018414,Jarl_Smith
10018415,LApothicaire
10018416,The Shanks
10018419,TehNoob
10018420,Shirovasta
10018421,Sp@rkie
10018422,Kay Ay
10018423,ELLIX
10018425,Wambugu Kamotho
10018426,kamikazechaser
10018427,Anti-Pro
10018428,LilKev
10018429,254Mugoh
10018432,Ccb
10018433,Maiko
10018434,MEL4NCOLIA
10018435,Zhode-
10018436,Sid
10018439,SpartanX12
10018440,archive_00
10018441,XNoxisityX
10018442,Jaydoria
10018443,RobouteGuilliman265
10018446,KevD
10018447,Mouse
10018448,Hadez
10018449,Pladnod!
10018450,Sherlock_Holmes
10018453,MD
10018454,Mental
10018455,Jaybzm
10018456,Kiddtic
10018457,Mzz
10018458,Asriel603
10018459,T-Machine
10018116,Madnexus
10018117,izverq
10018195,Mindfvck
10018196,akumaqqe
10018197,dabbackwood
10018198,SNDL
10018238,senna
10018239,Коля
10018884,獵人leni
10018883,Igris
10018886,Fokus
10018660,distanceq3
10018661,zuel-
10018662,Shizoid
10018888,NamiNetsu
10018889,4sv
10012387,Iceicell
10018885,asivoy
10018887,eccobladee2k
10018960,BashCare
10018923,ancleve
